年份,合同名称,详情链接,签订时间,发布时间,采购人,供应商,合同编号,项目编号,采购人地址,采购人联系方式,供应商地址,供应商联系方式,主要标的名称,规格型号或服务要求,主要标的数量,主要标的单价,合同金额,履约期限和地点等简要信息,采购方式,所属地域,所属行业,代理机构,合同签订日期,合同公告日期,合同金额num_万元,id,采购人_纬度,采购人_经度,采购人_省,采购人_省代码,采购人_市,采购人_市代码,采购人_县,采购人_县代码,供应商_纬度,供应商_经度,供应商_省,供应商_省代码,供应商_市,供应商_市代码,供应商_县,供应商_县代码,text,ML预测
2013,渭源县人民医院医疗设备采购项目供货合同(第二包）,http://htgs.ccgp.gov.cn/GS8/contractpublish/detail/2c8382a953871d3a015388b01ddf05bf?contractSign=0,2013-03-12,2015-10-28,渭源县人民医院,供应商名称,0876-1402295（HT2),无,,,,,,,,,216.000000万元,,,甘肃省,农业,甘肃西招国际招标有限公司,2013-03-12,2013-03-12,216.0,2.371908e+06,35.1222586112231,104.196634906982,甘肃省,620000.0,定西市,621100.0,渭源县,621123.0,36.0597116681287,103.823579666472,甘肃省,620000,兰州市,620100,城关区,620102,渭源县人民医院 渭源县人民医院医疗设备采购项目供货合同(第二包）,协调能力
2013,高分水利业务示范应用平台开发,http://htgs.ccgp.gov.cn/GS8/contractpublish/detail/2c8382aa50b83a020150b83e3e020006?contractSign=0,2013-12-16,2015-11-02,水利部水利信息中心,北京航天宏图信息技术有限责任公司,2013-416,OITC-G13032483,,,,,,,,,236.000000万元,,,北京市市辖区西城区,水利、环境和公共设施管理业,东方国际招标有限责任公司,2013-12-16,2013-12-16,236.0,2.371909e+06,39.884666771654,116.352191429706,北京市,110000.0,北京市,110000.0,西城区,110102.0,39.9528431512712,116.229280386126,北京市,110000,北京市,110000,海淀区,110108,水利部水利信息中心 高分水利业务示范应用平台开发,协调能力
2013,皋兰县第一中学等五所学校装配三机位高清录播教室项目供货合同,http://htgs.ccgp.gov.cn/GS8/contractpublish/detail/2c8382a953871d3a015388d4d0301c77?contractSign=0,2013-09-30,2015-11-03,皋兰县教育局,供应商名称,TC15936GG-H,无,,,,,,,,,208.988500万元,,,甘肃省,农业,中招国际招标有限公司甘肃分公司,2013-09-30,2013-09-30,208.9885,2.37191e+06,36.3170886929071,103.951886656299,甘肃省,620000.0,兰州市,620100.0,皋兰县,620122.0,36.0597116681287,103.823579666472,甘肃省,620000,兰州市,620100,城关区,620102,皋兰县教育局 皋兰县第一中学等五所学校装配三机位高清录播教室项目供货合同,协调能力
2013,甘肃省监狱管理局定西监狱“四防一体”及安防设施采购项目合同书,http://htgs.ccgp.gov.cn/GS8/contractpublish/detail/2c8382a953871d3a01538969bde92ee0?contractSign=0,2013-11-30,2015-12-03,甘肃省监狱管理局,甘肃博兴建设工程有限公司,ZJ2015/11-ZCGK206,1259-15107,,,,,,,,,411.000000万元,,,甘肃省,信息传输、软件和信息技术服务业,甘肃中金国际招标有限公司,2013-11-30,2013-11-30,411.0,2.371911e+06,36.056576856259,103.830044956272,甘肃省,620000.0,兰州市,620100.0,城关区,620102.0,37.153698766748,118.104861836119,山东省,370000,滨州市,371600,博兴县,371625,甘肃省监狱管理局 甘肃省监狱管理局定西监狱“四防一体”及安防设施采购项目合同书,合规能力
2013,安徽科技学院图书采购,http://htgs.ccgp.gov.cn/GS8/contractpublish/detail/2c8382a95136ecf20151ae9a1aba1ce8?contractSign=0,2013-06-12,2015-12-15,安徽科技学院,安徽时代出版发行有限公司,2015HACZ0413-002,2015HACZ0413,,,,,,,,,40.000000万元,,,安徽省,农、林、牧、渔业,安徽合肥公共资源交易中心,2013-06-12,2013-06-12,40.0,2.371912e+06,30.222421215088,120.020487046143,浙江省,330000.0,杭州市,330100.0,西湖区,330106.0,31.8499409295274,117.193377276423,安徽省,340000,合肥市,340100,蜀山区,340104,安徽科技学院 安徽科技学院图书采购,协调能力
2013,兰州站广场及大桥照明设施维修政府采购项目合同,http://htgs.ccgp.gov.cn/GS8/contractpublish/detail/2c8382a9538dc16901538e07ca9e2209?contractSign=0,2013-12-26,2016-02-23,甘肃省兰州高速公路管理处,甘肃紫光智能交通与控制技术有限公司,2016S-YW-021,GZ151139-GSSLZG,,,,,,,,,30.800000万元,,,甘肃省,交通运输、仓储和邮政业,甘肃省招标中心,2013-12-26,2013-12-26,30.8,2.371913e+06,36.0024880882405,103.971928268107,甘肃省,620000.0,兰州市,620100.0,榆中县,620123.0,36.0545928801287,103.833065422838,甘肃省,620000,兰州市,620100,城关区,620102,甘肃省兰州高速公路管理处 兰州站广场及大桥照明设施维修政府采购项目合同,协调能力
2013,普陀区2013年未纳管污染源改造工程（二标段）施工总承包合同,http://htgs.ccgp.gov.cn/GS8/contractpublish/detail/2c8382a954741eba01547573d5190082?contractSign=0,2013-09-04,2016-04-21,上海市普陀区市政管理中心,上海惠丰置业有限公司,X_SG2013-09-04JWNGEB,SG2013-09-04JWNGEB,,,,,,,,,1077.645700万元,,,暂无,暂无,上海臻诚建设管理咨询有限公司,2013-09-04,2013-09-04,1077.6457,2.371914e+06,31.2468168889821,121.408482850515,上海市,310000.0,上海市,310000.0,普陀区,310107.0,30.6030606301909,103.542623029472,四川省,510000,成都市,510100,大邑县,510129,上海市普陀区市政管理中心 普陀区2013年未纳管污染源改造工程（二标段）施工总承包合同,协调能力
2013,办公笔记本合同,http://htgs.ccgp.gov.cn/GS8/contractpublish/detail/2c8382aa55d746cb0155d818125400f0?contractSign=0,2013-11-27,2016-07-11,九龙坡区走马镇中学,重庆拓渠科贸有限公司,2115050124,13C0149,,,,,,,,,0.490000万元,,,重庆市九龙坡区,普通初中教育,重庆拓渠科贸有限公司,2013-11-27,2013-11-27,0.49,2.371915e+06,29.4606612261051,106.284893374607,重庆市,500000.0,重庆市,500000.0,九龙坡区,500107.0,29.5655501395322,106.548283138871,重庆市,500000,重庆市,500000,渝中区,500103,九龙坡区走马镇中学 办公笔记本合同,协调能力
2013,销售合同,http://htgs.ccgp.gov.cn/GS8/contractpublish/detail/2c8382aa56e33b940156e3900d4c0036?contractSign=0,2013-08-31,2016-09-01,重庆市中西医结合康复医院,奥托博克中国工业有限公司,2016005008,16A1812,,,,,,,,,4.675000万元,,,重庆市,其他未列明零售业,重庆市中西医结合康复医院,2013-08-31,2013-08-31,4.675,2.371916e+06,29.5596417749153,106.559697831592,重庆市,500000.0,重庆市,500000.0,渝中区,500103.0,29.5655501395322,106.548283138871,重庆市,500000,重庆市,500000,渝中区,500103,重庆市中西医结合康复医院 销售合同,协调能力
2013,甘肃省中医院停车场车辆进出口道闸免取卡收费系统政府采购项目合同,http://htgs.ccgp.gov.cn/GS8/contractpublish/detail/2c8382aa5833589f01583cc5064e0168?contractSign=0,2013-06-28,2016-11-07,甘肃省中医院,甘肃玛斯博诺电子科技有限公司,COCITC-ZC-GZYY-1604/1/HT,COCITC-ZC-GZYY-1604/1,,,,,,,,,34.178000万元,,,甘肃省,信息传输、软件和信息技术服务业,中海建国际招标有限责任公司,2013-06-28,2013-06-28,34.178,2.371917e+06,40.2152506998435,116.235426923413,北京市,110000.0,北京市,110000.0,昌平区,110114.0,36.0545928801287,103.833065422838,甘肃省,620000,兰州市,620100,城关区,620102,甘肃省中医院 甘肃省中医院停车场车辆进出口道闸免取卡收费系统政府采购项目合同,协调能力
2013,浦东新区郊区生活垃圾清运合同,http://htgs.ccgp.gov.cn/GS8/contractpublish/detail/2c8382aa592953850159621790b91e1a?contractSign=0,2013-09-01,2016-12-30,上海市浦东新区废弃物管理中心,上海浦东东道远综合养护有限公司,X_20130901,SHXM-01-20130901-0001,,,,,,,,,9093.270000万元,,,暂无,暂无,无,2013-09-01,2013-09-01,9093.27,2.371918e+06,31.2232445301968,121.539715957176,上海市,310000.0,上海市,310000.0,浦东新区,310115.0,31.0452954929792,121.751614423989,上海市,310000,上海市,310000,浦东新区,310115,上海市浦东新区废弃物管理中心 浦东新区郊区生活垃圾清运合同,协调能力
2013,海洋地球物理数据可视化3维立体展示系统软件合同,http://htgs.ccgp.gov.cn/GS8/contractpublish/detail/2c8382aa5929538501594d68a3a717e1?contractSign=0,2013-12-06,2016-12-30,国家海洋局第二海洋研究所,上海地海仪器有限公司,0625-16314226,0625-16314226,,,,,,,,,12.960000万元,,,浙江省,科学研究和技术服务业,浙江省国际技术设备招标有限公司,2013-12-06,2013-12-06,12.96,2.371919e+06,30.2821967154871,120.134312857894,浙江省,330000.0,杭州市,330100.0,西湖区,330106.0,30.2679265202068,120.148300073021,浙江省,330000,杭州市,330100,西湖区,330106,国家海洋局第二海洋研究所 海洋地球物理数据可视化3维立体展示系统软件合同,协调能力
2013,采购帧同步器进机卡、HPML350pR08服务器、系统应用软件项目合同,http://htgs.ccgp.gov.cn/GS8/contractpublish/detail/2c8382aa5929538501594d6530ce17cf?contractSign=0,2013-01-21,2016-12-30,国家海洋局第二海洋研究所,陕西全和物资机电设备有限责任公司,2016-01001,0625-16214012,,,,,,,,,45.950000万元,,,浙江省,科学研究和技术服务业,浙江省国际技术设备招标有限公司,2013-01-21,2013-01-21,45.95,2.37192e+06,30.2821967154871,120.134312857894,浙江省,330000.0,杭州市,330100.0,西湖区,330106.0,28.7236751254839,118.61620014667,浙江省,330000,衢州市,330800,江山市,330881,国家海洋局第二海洋研究所 采购帧同步器进机卡、HPML350pR08服务器、系统应用软件项目合同,协调能力
2013,中国人口宣传教育中心媒体资产管理信息系统项目政府采购合同,http://htgs.ccgp.gov.cn/GS8/contractpublish/detail/2c8382a959906caa0159d49542151751?contractSign=0,2013-04-25,2017-01-25,中国人口宣传教育中心,北京捷成世纪科技股份有限公司,MZ2013-1,13CNIC-022270-01,,,,,,,,,479.200000万元,,,北京市市辖区朝阳区,卫生和社会工作,中国仪器进出口（集团）公司,2013-04-25,2013-04-25,479.2,2.371921e+06,39.919232584718,116.436803266932,北京市,110000.0,北京市,110000.0,朝阳区,110105.0,40.0736443669751,116.229814317931,北京市,110000,北京市,110000,海淀区,110108,中国人口宣传教育中心 中国人口宣传教育中心媒体资产管理信息系统项目政府采购合同,协调能力
2013,设备安装合同,http://htgs.ccgp.gov.cn/GS8/contractpublish/detail/2c8382a95b5c4779015bc7f4c278190a?contractSign=0,2013-05-17,2017-05-02,北碚区疾控中心,成都瑞洁思环境项目有限公司,13A0251-01,13A0251,,,,,,,,,34.980000万元,,,重庆市北碚区,疾病预防控制中心,重庆市北碚区交易中心,2013-05-17,2013-05-17,34.98,2.371922e+06,29.8075842530141,106.391580423305,重庆市,500000.0,重庆市,500000.0,北碚区,500109.0,29.8078461712625,106.391675355747,重庆市,500000,重庆市,500000,北碚区,500109,北碚区疾控中心 设备安装合同,协调能力
2013,射线防护制品合同书,http://htgs.ccgp.gov.cn/GS8/contractpublish/detail/2c8382aa5bc7cbd4015bc820e8250056?contractSign=0,2013-09-16,2017-05-02,北碚区疾控中心,重庆信远射线防护设备有限公司,13A0707-01,13A0707,,,,,,,,,3.928800万元,,,重庆市北碚区,疾病预防控制中心,无,2013-09-16,2013-09-16,3.9288,2.371923e+06,29.8075842530141,106.391580423305,重庆市,500000.0,重庆市,500000.0,北碚区,500109.0,29.7272662961198,106.45947871638,重庆市,500000,重庆市,500000,北碚区,500109,北碚区疾控中心 射线防护制品合同书,协调能力
2013,仪器设备购销合同,http://htgs.ccgp.gov.cn/GS8/contractpublish/detail/2c8382aa5bc7cbd4015bc7e7656c0017?contractSign=0,2013-09-24,2017-05-02,北碚区疾控中心,重庆康吉医疗器械有限公司,13A0679-01,13A0679,,,,,,,,,3.800000万元,,,重庆市北碚区,疾病预防控制中心,无,2013-09-24,2013-09-24,3.8,2.371924e+06,29.8075842530141,106.391580423305,重庆市,500000.0,重庆市,500000.0,北碚区,500109.0,29.5751308460444,106.470708711681,重庆市,500000,重庆市,500000,江北区,500105,北碚区疾控中心 仪器设备购销合同,协调能力
2013,仪器设备购销合同,http://htgs.ccgp.gov.cn/GS8/contractpublish/detail/2c8382aa5b5c3e65015bc74b074b1b93?contractSign=0,2013-11-18,2017-05-02,北碚区疾控中心,重庆通品科技有限公司,13A0784-01,13A0784,,,,,,,,,9.900000万元,,,重庆市北碚区,疾病预防控制中心,无,2013-11-18,2013-11-18,9.9,2.371925e+06,29.8075842530141,106.391580423305,重庆市,500000.0,重庆市,500000.0,北碚区,500109.0,29.5343702824257,106.481183574318,重庆市,500000,重庆市,500000,九龙坡区,500107,北碚区疾控中心 仪器设备购销合同,协调能力
2013,北碚区政府采购货物购销合同,http://htgs.ccgp.gov.cn/GS8/contractpublish/detail/2c8382aa5b5c3e65015bc7472d501b8b?contractSign=0,2013-12-17,2017-05-02,北碚区疾控中心,重庆迈克科技公司,ZHZFCG13029(13A0803),13A0803,,,,,,,,,53.500000万元,,,重庆市北碚区,疾病预防控制中心,重庆众合招标代理有限公司,2013-12-17,2013-12-17,53.5,2.371926e+06,29.8075842530141,106.391580423305,重庆市,500000.0,重庆市,500000.0,北碚区,500109.0,29.5655501395322,106.548283138871,重庆市,500000,重庆市,500000,渝中区,500103,北碚区疾控中心 北碚区政府采购货物购销合同,协调能力
2013,北碚区政府货物采购购销合同,http://htgs.ccgp.gov.cn/GS8/contractpublish/detail/2c8382aa5bc7cbd4015bc7fe3881002f?contractSign=0,2013-01-31,2017-05-02,北碚区疾控中心,重庆裕捷科技有限公司,BBZC12-YJ2013-1-29,13A0222,,,,,,,,,6.385000万元,,,重庆市北碚区,疾病预防控制中心,重庆市北碚区交易中心,2013-01-31,2013-01-31,6.385,2.371927e+06,29.8075842530141,106.391580423305,重庆市,500000.0,重庆市,500000.0,北碚区,500109.0,30.2256623349434,108.043124707375,重庆市,500000,重庆市,500000,忠县,500233,北碚区疾控中心 北碚区政府货物采购购销合同,协调能力
2013,北碚区政府货物采购购销合同,http://htgs.ccgp.gov.cn/GS8/contractpublish/detail/2c8382a95b5c4779015bc8020c9b191f?contractSign=0,2013-01-31,2017-05-02,北碚区疾控中心,重庆裕捷科技有限公司,BBZC12-YJ2013-1-28,13A0223,,,,,,,,,6.135000万元,,,重庆市北碚区,疾病预防控制中心,重庆市北碚区交易中心,2013-01-31,2013-01-31,6.135,2.371928e+06,29.8075842530141,106.391580423305,重庆市,500000.0,重庆市,500000.0,北碚区,500109.0,30.2256623349434,108.043124707375,重庆市,500000,重庆市,500000,忠县,500233,北碚区疾控中心 北碚区政府货物采购购销合同,协调能力
2013,仪器设备购销合同,http://htgs.ccgp.gov.cn/GS8/contractpublish/detail/2c8382a95b5c4779015bc80e539a192b?contractSign=0,2013-06-08,2017-05-02,北碚区疾控中心,重庆沐森医疗器械有限公司,13A0303-01,13A0303,,,,,,,,,4.100000万元,,,重庆市北碚区,疾病预防控制中心,无,2013-06-08,2013-06-08,4.1,2.371929e+06,29.8075842530141,106.391580423305,重庆市,500000.0,重庆市,500000.0,北碚区,500109.0,30.8010506944871,108.374857681052,重庆市,500000,重庆市,500000,万州区,500101,北碚区疾控中心 仪器设备购销合同,协调能力
2013,采购合同,http://htgs.ccgp.gov.cn/GS8/contractpublish/detail/2c8382a95b5c4779015bc86d24b919b7?contractSign=0,2013-09-20,2017-05-02,北碚区疾控中心,重庆伟琅电脑经营部,13A0710-01,13A0710,,,,,,,,,2.701900万元,,,重庆市北碚区,疾病预防控制中心,无,2013-09-20,2013-09-20,2.7019,2.37193e+06,29.8075842530141,106.391580423305,重庆市,500000.0,重庆市,500000.0,北碚区,500109.0,29.9822848890795,106.266321581144,重庆市,500000,重庆市,500000,合川区,500117,北碚区疾控中心 采购合同,协调能力
2013,重庆市政府采购货物购销合同,http://htgs.ccgp.gov.cn/GS8/contractpublish/detail/2c8382aa5bc7cbd4015bc81480570047?contractSign=0,2013-07-08,2017-05-02,北碚区疾控中心,重庆市超之杰商贸有限公司,13A0394-01,13A0394,,,,,,,,,3.408750万元,,,重庆市北碚区,疾病预防控制中心,无,2013-07-08,2013-07-08,3.40875,2.371931e+06,29.8075842530141,106.391580423305,重庆市,500000.0,重庆市,500000.0,北碚区,500109.0,29.5113178159993,105.765889701017,重庆市,500000,重庆市,500000,大足区,500111,北碚区疾控中心 重庆市政府采购货物购销合同,协调能力
2013,仪器设备购销合同,http://htgs.ccgp.gov.cn/GS8/contractpublish/detail/2c8382aa5bc7cbd4015bc80942250037?contractSign=0,2013-06-01,2017-05-02,北碚区疾控中心,成都鑫鑫泰实业有限公司,13A0248-02,13A0248,,,,,,,,,9.500000万元,,,重庆市北碚区,疾病预防控制中心,无,2013-06-01,2013-06-01,9.5,2.371932e+06,29.8075842530141,106.391580423305,重庆市,500000.0,重庆市,500000.0,北碚区,500109.0,29.8078461712625,106.391675355747,重庆市,500000,重庆市,500000,北碚区,500109,北碚区疾控中心 仪器设备购销合同,协调能力
2013,实验室设备采购合同,http://htgs.ccgp.gov.cn/GS8/contractpublish/detail/2c8382aa5bc7cbd4015bc7ecf53c001f?contractSign=0,2013-05-20,2017-05-02,北碚区疾控中心,上海中增科教设备有限公司,20130520,13A0250,,,,,,,,,54.630900万元,,,重庆市北碚区,疾病预防控制中心,重庆市北碚区交易中心,2013-05-20,2013-05-20,54.6309,2.371933e+06,29.8075842530141,106.391580423305,重庆市,500000.0,重庆市,500000.0,北碚区,500109.0,29.8078461712625,106.391675355747,重庆市,500000,重庆市,500000,北碚区,500109,北碚区疾控中心 实验室设备采购合同,协调能力
2013,仪器设备购销合同,http://htgs.ccgp.gov.cn/GS8/contractpublish/detail/2c8382aa5b5c3e65015bc75426521b9b?contractSign=0,2013-11-18,2017-05-02,北碚区疾控中心,重庆铱标科技有限公司,13A0787-01,13A0787,,,,,,,,,6.500000万元,,,重庆市北碚区,疾病预防控制中心,无,2013-11-18,2013-11-18,6.5,2.371934e+06,29.8075842530141,106.391580423305,重庆市,500000.0,重庆市,500000.0,北碚区,500109.0,30.2256623349434,108.043124707375,重庆市,500000,重庆市,500000,忠县,500233,北碚区疾控中心 仪器设备购销合同,协调能力
2013,北碚区政府货物采购购销合同,http://htgs.ccgp.gov.cn/GS8/contractpublish/detail/2c8382a95c33a946015c55c66d920e2a?contractSign=0,2013-02-21,2017-05-12,北碚区疾控中心,重庆天朝数码科技有限公司,13A0012-01,13A0012,,,,,,,,,4.681000万元,,,重庆市北碚区,疾病预防控制中心,重庆市北碚区交易中心,2013-02-21,2013-02-21,4.681,2.371935e+06,29.8075842530141,106.391580423305,重庆市,500000.0,重庆市,500000.0,北碚区,500109.0,30.2256623349434,108.043124707375,重庆市,500000,重庆市,500000,忠县,500233,北碚区疾控中心 北碚区政府货物采购购销合同,协调能力
2013,建设工程委托监理合同,http://htgs.ccgp.gov.cn/GS8/contractpublish/detail/2c8382a95b5c4779015bfbb921f72e29?contractSign=0,2013-04-19,2017-05-12,北碚区疾控中心,重庆市宏都建设工程监理有限公司,13B0104-02,13B0104,,,,,,,,,3.300000万元,,,重庆市北碚区,疾病预防控制中心,无,2013-04-19,2013-04-19,3.3,2.371936e+06,29.8075842530141,106.391580423305,重庆市,500000.0,重庆市,500000.0,北碚区,500109.0,29.5655501395322,106.548283138871,重庆市,500000,重庆市,500000,渝中区,500103,北碚区疾控中心 建设工程委托监理合同,协调能力
2013,秦安县文化广播影视局“送戏下乡”演出服务项目竞争性磋商招标公告,http://htgs.ccgp.gov.cn/GS8/contractpublish/detail/2c8382aa5dedee04015df3442f140330?contractSign=0,2013-02-17,2017-08-18,秦安县文化广播影视局,秦安县文化演出有限公司,TGJS2017-001,TGJS2017-001,,,,,,,,,30.992000万元,,,甘肃省天水市秦安县,文艺创作与表演,甘肃信天招标代理有限责任公司,2013-02-17,2013-02-17,30.992,2.371937e+06,34.8602295672636,105.671160499767,甘肃省,620000.0,天水市,620500.0,秦安县,620522.0,34.8602295672636,105.671160499767,甘肃省,620000,天水市,620500,秦安县,620522,秦安县文化广播影视局 秦安县文化广播影视局“送戏下乡”演出服务项目竞争性磋商招标公告,协调能力
2013,普陀区生态专项建设工程Ⅲ标施工,http://htgs.ccgp.gov.cn/GS8/contractpublish/detail/2c8382a9601ee35201601f818b5d021a?contractSign=0,2013-11-29,2017-11-15,上海市普陀区绿化和市容管理局,上海普陀区园林建设综合开发有限公司,X_LJK2017025,06YLPT0005,,,,,,,,,660.834400万元,,,暂无,暂无,上海百通项目管理咨询有限公司,2013-11-29,2013-11-29,660.8344,2.371938e+06,31.2585666119371,121.434103169166,上海市,310000.0,上海市,310000.0,普陀区,310107.0,31.2773856598121,121.373710856344,上海市,310000,上海市,310000,普陀区,310107,上海市普陀区绿化和市容管理局 普陀区生态专项建设工程Ⅲ标施工,协调能力
2013,采访话筒购买合同,http://htgs.ccgp.gov.cn/GS8/contractpublish/detail/2c8382aa5fe76279015fe89bed86058c?contractSign=0,2013-12-10,2017-11-23,重庆市九龙坡区西彭园区实验小学校,重庆明耀办公用品有限公司,43,13A1139,,,,,,,,,0.120000万元,,,重庆市九龙坡区,其他文化用品零售,无,2013-12-10,2013-12-10,0.12,2.371939e+06,29.2961951898735,106.320551038442,重庆市,500000.0,重庆市,500000.0,九龙坡区,500107.0,29.5655501395322,106.548283138871,重庆市,500000,重庆市,500000,渝中区,500103,重庆市九龙坡区西彭园区实验小学校 采访话筒购买合同,协调能力
2013,激光笔购买合同,http://htgs.ccgp.gov.cn/GS8/contractpublish/detail/2c8382aa5fe76279015fe8a2a7a10595?contractSign=0,2013-12-13,2017-11-23,重庆市九龙坡区西彭园区实验小学校,重庆明耀办公用品有限公司,44,13A1197,,,,,,,,,0.306000万元,,,重庆市九龙坡区,其他文化用品零售,无,2013-12-13,2013-12-13,0.306,2.37194e+06,29.2961951898735,106.320551038442,重庆市,500000.0,重庆市,500000.0,九龙坡区,500107.0,29.5655501395322,106.548283138871,重庆市,500000,重庆市,500000,渝中区,500103,重庆市九龙坡区西彭园区实验小学校 激光笔购买合同,协调能力
2013,重庆市政府采购货物购销合同,http://htgs.ccgp.gov.cn/GS8/contractpublish/detail/2c8382aa5fe76279015fe8aa2d830599?contractSign=0,2013-12-23,2017-11-23,重庆市九龙坡区西彭园区实验小学校,重庆拓展电子有限公司,45,13A1221,,,,,,,,,0.392000万元,,,重庆市九龙坡区,计算机、软件及辅助设备零售,无,2013-12-23,2013-12-23,0.392,2.371941e+06,29.2961951898735,106.320551038442,重庆市,500000.0,重庆市,500000.0,九龙坡区,500107.0,29.5343986936907,106.480123130764,重庆市,500000,重庆市,500000,九龙坡区,500107,重庆市九龙坡区西彭园区实验小学校 重庆市政府采购货物购销合同,协调能力
2013,采购斯柯达昊锐1.4t小轿车,http://htgs.ccgp.gov.cn/GS8/contractpublish/detail/2c8382aa5fe76279015fec6c0898090e?contractSign=0,2013-07-23,2017-11-24,九龙坡区房屋管理局,重庆高新璟锐汽车有限公司,13A0526,13A0526,,,,,,,,,14.980000万元,,,重庆市九龙坡区,汽车零售,重庆市九龙坡区交易中心,2013-07-23,2013-07-23,14.98,2.371942e+06,29.461347761905,106.430078225502,重庆市,500000.0,重庆市,500000.0,九龙坡区,500107.0,29.5070687379362,106.463485700025,重庆市,500000,重庆市,500000,九龙坡区,500107,九龙坡区房屋管理局 采购斯柯达昊锐1.4t小轿车,协调能力
2013,九龙坡区房管局石桥铺房管所采购斯柯达昊锐1.4t小轿车,http://htgs.ccgp.gov.cn/GS8/contractpublish/detail/2c8382a95fe7b7ec015ffb3012db0f70?contractSign=0,2013-07-23,2017-11-27,九龙坡区房屋管理局,重庆高新璟锐汽车有限公司,13A0526,13A0526,,,,,,,,,14.980000万元,,,重庆市九龙坡区,汽车零售,重庆市九龙坡区交易中心,2013-07-23,2013-07-23,14.98,2.371943e+06,29.461347761905,106.430078225502,重庆市,500000.0,重庆市,500000.0,九龙坡区,500107.0,29.5070687379362,106.463485700025,重庆市,500000,重庆市,500000,九龙坡区,500107,九龙坡区房屋管理局 九龙坡区房管局石桥铺房管所采购斯柯达昊锐1.4t小轿车,协调能力
2013,征收中心维修办公室等合同,http://htgs.ccgp.gov.cn/GS8/contractpublish/detail/2c8382aa5ffc0ecf0160008073b60870?contractSign=0,2013-04-04,2017-11-28,九龙坡区房屋管理局,重庆唐风装饰有限公司,13C0064,13C0064,,,,,,,,,2.720000万元,,,重庆市九龙坡区,建筑装饰业,分散采购,2013-04-04,2013-04-04,2.72,2.371944e+06,29.461347761905,106.430078225502,重庆市,500000.0,重庆市,500000.0,九龙坡区,500107.0,28.9190720508077,107.000143256325,重庆市,500000,重庆市,500000,綦江区,500110,九龙坡区房屋管理局 征收中心维修办公室等合同,协调能力
2013,重庆市九龙坡区档案局爱国主义教育基地软件制作合同,http://htgs.ccgp.gov.cn/GS8/contractpublish/detail/2c8382a95ffb6b4e0160015e39f50c6e?contractSign=0,2013-08-29,2017-11-28,九龙坡区档案局,重庆点至科技有限公司,13A0582,13A0582,,,,,,,,,4.399000万元,,,重庆市九龙坡区,其他未列明建筑业,重庆市九龙坡区档案局,2013-08-29,2013-08-29,4.399,2.371945e+06,29.5012633280086,106.470502327736,重庆市,500000.0,重庆市,500000.0,九龙坡区,500107.0,30.2256623349434,108.043124707375,重庆市,500000,重庆市,500000,忠县,500233,九龙坡区档案局 重庆市九龙坡区档案局爱国主义教育基地软件制作合同,协调能力
2013,重庆市九龙坡区档案局爱国主义教育基地多媒体设备采购合同,http://htgs.ccgp.gov.cn/GS8/contractpublish/detail/2c8382aa60010dca0160015229ac00a4?contractSign=0,2013-08-29,2017-11-28,九龙坡区档案局,重庆点至科技有限公司,13A0581,13A0581,,,,,,,,,4.515600万元,,,重庆市九龙坡区,其他未列明建筑业,重庆市九龙坡区档案局,2013-08-29,2013-08-29,4.5156,2.371946e+06,29.5012633280086,106.470502327736,重庆市,500000.0,重庆市,500000.0,九龙坡区,500107.0,30.2256623349434,108.043124707375,重庆市,500000,重庆市,500000,忠县,500233,九龙坡区档案局 重庆市九龙坡区档案局爱国主义教育基地多媒体设备采购合同,协调能力
2013,九龙坡区房管局所需车辆采购合同,http://htgs.ccgp.gov.cn/GS8/contractpublish/detail/2c8382a95ffb6b4e01600048717e08a0?contractSign=0,2013-10-29,2017-11-28,九龙坡区房屋管理局,重庆龙华实业集团众华汽车销售服务有限公司,13A0523,13A0523,,,,,,,,,24.670000万元,,,重庆市九龙坡区,汽车零售,重庆市九龙坡区交易中心,2013-10-29,2013-10-29,24.67,2.371947e+06,29.461347761905,106.430078225502,重庆市,500000.0,重庆市,500000.0,九龙坡区,500107.0,22.6591031385077,114.014210261192,广东省,440000,深圳市,440300,龙华区,440309,九龙坡区房屋管理局 九龙坡区房管局所需车辆采购合同,协调能力
2013,重庆市九龙坡区档案局爱国主义教育基地项目工程合同,http://htgs.ccgp.gov.cn/GS8/contractpublish/detail/2c8382a95ffb6b4e016001ac67f90e71?contractSign=0,2013-08-29,2017-11-28,九龙坡区档案局,重庆点至科技有限公司,13B0062,13B0062,,,,,,,,,18.954160万元,,,重庆市九龙坡区,其他未列明建筑业,重庆市九龙坡区档案局,2013-08-29,2013-08-29,18.95416,2.371948e+06,29.5012633280086,106.470502327736,重庆市,500000.0,重庆市,500000.0,九龙坡区,500107.0,30.2256623349434,108.043124707375,重庆市,500000,重庆市,500000,忠县,500233,九龙坡区档案局 重庆市九龙坡区档案局爱国主义教育基地项目工程合同,协调能力
2013,大修施工合同,http://htgs.ccgp.gov.cn/GS8/contractpublish/detail/2c8382a95ffb6b4e0160017954780d0f?contractSign=0,2013-05-28,2017-11-28,九龙坡区档案局,武汉浩坤建设有限公司,13B0017,13B0017,,,,,,,,,18.210000万元,,,重庆市九龙坡区,其他未列明建筑业,重庆市九龙坡区档案局,2013-05-28,2013-05-28,18.21,2.371949e+06,29.5012633280086,106.470502327736,重庆市,500000.0,重庆市,500000.0,九龙坡区,500107.0,29.5049677639214,106.507187010725,重庆市,500000,重庆市,500000,九龙坡区,500107,九龙坡区档案局 大修施工合同,协调能力
2013,汽车销售合同,http://htgs.ccgp.gov.cn/GS8/contractpublish/detail/2c8382aa5ffc0ecf016000c3a6540990?contractSign=0,2013-07-16,2017-11-28,九龙坡区档案局,重庆商社汽车贸易有限公司飞跃分公司,13A0504,13A0504,,,,,,,,,14.980000万元,,,重庆市九龙坡区,其他道路运输辅助活动,重庆市九龙坡区交易中心,2013-07-16,2013-07-16,14.98,2.37195e+06,29.5012633280086,106.470502327736,重庆市,500000.0,重庆市,500000.0,九龙坡区,500107.0,29.5345113418731,106.512811071655,重庆市,500000,重庆市,500000,渝中区,500103,九龙坡区档案局 汽车销售合同,协调能力
2013,重庆市九龙坡区档案局爱国主义教育基地灯饰工程合同,http://htgs.ccgp.gov.cn/GS8/contractpublish/detail/2c8382a95ffb6b4e016001920ae80db1?contractSign=0,2013-08-29,2017-11-28,九龙坡区档案局,重庆点至科技有限公司,13B0063,13B0063,,,,,,,,,4.327440万元,,,重庆市九龙坡区,其他未列明建筑业,重庆市九龙坡区档案局,2013-08-29,2013-08-29,4.32744,2.371951e+06,29.5012633280086,106.470502327736,重庆市,500000.0,重庆市,500000.0,九龙坡区,500107.0,30.2256623349434,108.043124707375,重庆市,500000,重庆市,500000,忠县,500233,九龙坡区档案局 重庆市九龙坡区档案局爱国主义教育基地灯饰工程合同,协调能力
2013,热水系统,http://htgs.ccgp.gov.cn/GS8/contractpublish/detail/2c8382a96005d1040160069f4a5801b6?contractSign=0,2013-12-23,2017-11-29,重庆铁路中学,重庆同泽冷暖设备有限公司,13A0968,13A0968,,,,,,,,,92.000000万元,,,重庆市九龙坡区,热力生产和供应,重庆市九龙坡区交易中心,2013-12-23,2013-12-23,92.0,2.371952e+06,29.4952654780181,106.537656453697,重庆市,500000.0,重庆市,500000.0,九龙坡区,500107.0,29.5655501395322,106.548283138871,重庆市,500000,重庆市,500000,渝中区,500103,重庆铁路中学 热水系统,协调能力
2013,13A1034项目合同,http://htgs.ccgp.gov.cn/GS8/contractpublish/detail/2c8382aa6001c7370160058bda880444?contractSign=0,2013-12-27,2017-11-29,重庆铁路中学,重庆四通都成科技发展有限公司,13A1034,13A1034,,,,,,,,,506.133489万元,,,重庆市九龙坡区,信息系统集成服务,重庆市九龙坡区交易中心,2013-12-27,2013-12-27,506.133489,2.371953e+06,29.4952654780181,106.537656453697,重庆市,500000.0,重庆市,500000.0,九龙坡区,500107.0,29.5087800868489,106.457248053129,重庆市,500000,重庆市,500000,九龙坡区,500107,重庆铁路中学 13A1034项目合同,协调能力
2013,材料采购合同,http://htgs.ccgp.gov.cn/GS8/contractpublish/detail/2c8382a96005d104016006c37f060262?contractSign=0,2013-09-02,2017-11-29,石桥铺街道社区卫生服务中心,重庆顺合电子科技有限公司,0097,13B0097-01,,,,,,,,,18.300000万元,,,重庆市九龙坡区,卫生和社会工作,重庆市九龙坡区交易中心,2013-09-02,2013-09-02,18.3,2.371954e+06,29.5217503437692,106.471823364219,重庆市,500000.0,重庆市,500000.0,九龙坡区,500107.0,30.2256623349434,108.043124707375,重庆市,500000,重庆市,500000,忠县,500233,石桥铺街道社区卫生服务中心 材料采购合同,协调能力
2013,格力空调,http://htgs.ccgp.gov.cn/GS8/contractpublish/detail/2c8382aa6001c73701600bee60c1135d?contractSign=0,2013-06-02,2017-11-30,九龙坡区职业教育中心(中梁山矿务学校),重庆市义茂利制冷设备有限公司,13A0388,13A0388,,,,,,,,,63.500200万元,,,重庆市九龙坡区,中等职业学校教育,重庆市九龙坡区交易中心,2013-06-02,2013-06-02,63.5002,2.371955e+06,29.4618137996332,106.442258304194,重庆市,500000.0,重庆市,500000.0,九龙坡区,500107.0,29.4946208705915,106.368268606461,重庆市,500000,重庆市,500000,九龙坡区,500107,九龙坡区职业教育中心(中梁山矿务学校) 格力空调,协调能力
2013,电（扶）梯购销安装,http://htgs.ccgp.gov.cn/GS8/contractpublish/detail/2c8382aa6001c73701600c0d8421142a?contractSign=0,2013-06-18,2017-11-30,九龙坡区职业教育中心(中梁山矿务学校),重庆东森电梯有限公司,13B0025,13B0025,,,,,,,,,17.200000万元,,,重庆市九龙坡区,中等职业学校教育,重庆市九龙坡区交易中心,2013-06-18,2013-06-18,17.2,2.371956e+06,29.4618137996332,106.442258304194,重庆市,500000.0,重庆市,500000.0,九龙坡区,500107.0,29.6020752437672,106.544692285455,重庆市,500000,重庆市,500000,渝北区,500112,九龙坡区职业教育中心(中梁山矿务学校) 电（扶）梯购销安装,协调能力
2013,格力空调,http://htgs.ccgp.gov.cn/GS8/contractpublish/detail/2c8382a9600a4ddb01600bf259bd063e?contractSign=0,2013-06-24,2017-11-30,九龙坡区职业教育中心(中梁山矿务学校),重庆市义茂利制冷设备有限公司,13A0388,13A0388,,,,,,,,,3.650100万元,,,重庆市九龙坡区,中等职业学校教育,重庆市九龙坡区交易中心,2013-06-24,2013-06-24,3.6501,2.371957e+06,29.4618137996332,106.442258304194,重庆市,500000.0,重庆市,500000.0,九龙坡区,500107.0,29.4946208705915,106.368268606461,重庆市,500000,重庆市,500000,九龙坡区,500107,九龙坡区职业教育中心(中梁山矿务学校) 格力空调,协调能力
2013,数控车床维修平台,http://htgs.ccgp.gov.cn/GS8/contractpublish/detail/2c8382a9600a4ddb01600c017cda06c0?contractSign=0,2013-12-08,2017-11-30,九龙坡区职业教育中心(中梁山矿务学校),浙江天煌科技实业有限公司,13A1065,13A1065,,,,,,,,,79.830000万元,,,重庆市九龙坡区,中等职业学校教育,重庆市九龙坡区交易中心,2013-12-08,2013-12-08,79.83,2.371958e+06,29.4618137996332,106.442258304194,重庆市,500000.0,重庆市,500000.0,九龙坡区,500107.0,29.5049677639214,106.507187010725,重庆市,500000,重庆市,500000,九龙坡区,500107,九龙坡区职业教育中心(中梁山矿务学校) 数控车床维修平台,协调能力
2013,电梯设备,http://htgs.ccgp.gov.cn/GS8/contractpublish/detail/2c8382a9600a4ddb01600c141f3f0704?contractSign=0,2013-06-18,2017-11-30,九龙坡区职业教育中心(中梁山矿务学校),重庆东森电梯有限公司,13B0025,13B0025,,,,,,,,,59.300000万元,,,重庆市九龙坡区,中等职业学校教育,重庆市九龙坡区交易中心,2013-06-18,2013-06-18,59.3,2.371959e+06,29.4618137996332,106.442258304194,重庆市,500000.0,重庆市,500000.0,九龙坡区,500107.0,29.6020752437672,106.544692285455,重庆市,500000,重庆市,500000,渝北区,500112,九龙坡区职业教育中心(中梁山矿务学校) 电梯设备,协调能力
2013,九龙坡区实验幼儿园采购绞切机合同,http://htgs.ccgp.gov.cn/GS8/contractpublish/detail/2c8382a9601ee35201602048901c03c2?contractSign=0,2013-12-05,2017-12-04,九龙坡区实验幼儿园,重庆康益酒店设备有限公司,合同公示3号,13A1109,,,,,,,,,0.445000万元,,,重庆市九龙坡区,日用家电设备零售,九龙坡区实验幼儿园,2013-12-05,2013-12-05,0.445,2.37196e+06,29.507070653767,106.522519605771,重庆市,500000.0,重庆市,500000.0,九龙坡区,500107.0,29.5990194541671,106.530052270635,重庆市,500000,重庆市,500000,渝北区,500112,九龙坡区实验幼儿园 九龙坡区实验幼儿园采购绞切机合同,协调能力
2013,九龙坡区实验幼儿园定制画册合同,http://htgs.ccgp.gov.cn/GS8/contractpublish/detail/2c8382a9601ee3520160203f572803a4?contractSign=0,2013-12-05,2017-12-04,九龙坡区实验幼儿园,重庆智睿图文设计有限公司,合同公示1号,13A0907,,,,,,,,,2.870000万元,,,重庆市九龙坡区,其他出版业,九龙坡区实验幼儿园,2013-12-05,2013-12-05,2.87,2.371961e+06,29.507070653767,106.522519605771,重庆市,500000.0,重庆市,500000.0,九龙坡区,500107.0,31.3971925963867,109.55668242373,重庆市,500000,重庆市,500000,巫溪县,500238,九龙坡区实验幼儿园 九龙坡区实验幼儿园定制画册合同,协调能力
2013,九龙坡区实验幼儿园采购户外音响设备合同,http://htgs.ccgp.gov.cn/GS8/contractpublish/detail/2c8382aa60202dbf016020437e0b0061?contractSign=0,2013-11-18,2017-12-04,九龙坡区实验幼儿园,渝中区锐声音响设备商行,合同公示2号,13A0878,,,,,,,,,2.090000万元,,,重庆市九龙坡区,音响设备制造,九龙坡区实验幼儿园,2013-11-18,2013-11-18,2.09,2.371962e+06,29.507070653767,106.522519605771,重庆市,500000.0,重庆市,500000.0,九龙坡区,500107.0,29.555680457453,106.56530671271,重庆市,500000,重庆市,500000,渝中区,500103,九龙坡区实验幼儿园 九龙坡区实验幼儿园采购户外音响设备合同,协调能力
2013,汽车设备等竞争性谈判,http://htgs.ccgp.gov.cn/GS8/contractpublish/detail/2c8382aa600f7fcd01601f68b6de0aa3?contractSign=0,2013-06-24,2017-12-04,九龙坡区职业教育中心(中梁山矿务学校),重庆国利汽车维修设备有限公司,13A0372,13A0372,,,,,,,,,64.380000万元,,,重庆市九龙坡区,中等职业学校教育,重庆市九龙坡区交易中心,2013-06-24,2013-06-24,64.38,2.371963e+06,29.4618137996332,106.442258304194,重庆市,500000.0,重庆市,500000.0,九龙坡区,500107.0,29.5239861424382,106.456393590318,重庆市,500000,重庆市,500000,九龙坡区,500107,九龙坡区职业教育中心(中梁山矿务学校) 汽车设备等竞争性谈判,协调能力
2013,会计软件,http://htgs.ccgp.gov.cn/GS8/contractpublish/detail/2c8382a9601ee3520160203446b1039b?contractSign=0,2013-12-06,2017-12-04,九龙坡区职业教育中心(中梁山矿务学校),广州市福思特科技有限公司,13A0989,13A0989,,,,,,,,,18.000000万元,,,重庆市九龙坡区,中等职业学校教育,重庆市九龙坡区交易中心,2013-12-06,2013-12-06,18.0,2.371964e+06,29.4618137996332,106.442258304194,重庆市,500000.0,重庆市,500000.0,九龙坡区,500107.0,29.5049677639214,106.507187010725,重庆市,500000,重庆市,500000,九龙坡区,500107,九龙坡区职业教育中心(中梁山矿务学校) 会计软件,协调能力
2013,冷暖柜机,http://htgs.ccgp.gov.cn/GS8/contractpublish/detail/2c8382a9601ee35201601f6d4f050194?contractSign=0,2013-12-08,2017-12-04,九龙坡区职业教育中心(中梁山矿务学校),重庆腾丰电器有限公司,13A0857,13A0857,,,,,,,,,7.527000万元,,,重庆市九龙坡区,中等职业学校教育,重庆市九龙坡区交易中心,2013-12-08,2013-12-08,7.527,2.371965e+06,29.4618137996332,106.442258304194,重庆市,500000.0,重庆市,500000.0,九龙坡区,500107.0,29.5655501395322,106.548283138871,重庆市,500000,重庆市,500000,渝中区,500103,九龙坡区职业教育中心(中梁山矿务学校) 冷暖柜机,协调能力
2013,印刷机,http://htgs.ccgp.gov.cn/GS8/contractpublish/detail/2c8382aa60202dbf01602044e98f006b?contractSign=0,2013-02-25,2017-12-04,九龙坡区职业教育中心(中梁山矿务学校),重庆前锋科技有限公司,九教服采询[2013]5号,九教服采询[2013]5号,,,,,,,,,1.700000万元,,,重庆市九龙坡区,中等职业学校教育,重庆市九龙坡区交易中心,2013-02-25,2013-02-25,1.7,2.371966e+06,29.4618137996332,106.442258304194,重庆市,500000.0,重庆市,500000.0,九龙坡区,500107.0,30.2256623349434,108.043124707375,重庆市,500000,重庆市,500000,忠县,500233,九龙坡区职业教育中心(中梁山矿务学校) 印刷机,协调能力
2013,监控设备,http://htgs.ccgp.gov.cn/GS8/contractpublish/detail/2c8382a9601ee35201601f5b72290144?contractSign=0,2013-12-23,2017-12-04,九龙坡区职业教育中心(中梁山矿务学校),重庆南电科技有限公司,13A0812,13A0812,,,,,,,,,28.300000万元,,,重庆市九龙坡区,中等职业学校教育,重庆市九龙坡区交易中心,2013-12-23,2013-12-23,28.3,2.371967e+06,29.4618137996332,106.442258304194,重庆市,500000.0,重庆市,500000.0,九龙坡区,500107.0,29.5998576809523,106.370056310814,重庆市,500000,重庆市,500000,沙坪坝区,500106,九龙坡区职业教育中心(中梁山矿务学校) 监控设备,协调能力
2013,格力空调,http://htgs.ccgp.gov.cn/GS8/contractpublish/detail/2c8382aa60202dbf01602038fa620029?contractSign=0,2013-10-16,2017-12-04,九龙坡区职业教育中心(中梁山矿务学校),重庆佳古格力电器设备销售有限公司,13A0794,13A0794,,,,,,,,,53.917200万元,,,重庆市九龙坡区,中等职业学校教育,重庆市九龙坡区交易中心,2013-10-16,2013-10-16,53.9172,2.371968e+06,29.4618137996332,106.442258304194,重庆市,500000.0,重庆市,500000.0,九龙坡区,500107.0,30.9321103039832,108.728488584515,重庆市,500000,重庆市,500000,云阳县,500235,九龙坡区职业教育中心(中梁山矿务学校) 格力空调,协调能力
2013,IP广播设备,http://htgs.ccgp.gov.cn/GS8/contractpublish/detail/2c8382a9601ee35201601f5f3d270159?contractSign=0,2013-11-21,2017-12-04,九龙坡区职业教育中心(中梁山矿务学校),重庆四通都成科技发展有限公司,13A0852,13A0852,,,,,,,,,67.158000万元,,,重庆市九龙坡区,中等职业学校教育,重庆市九龙坡区交易中心,2013-11-21,2013-11-21,67.158,2.371969e+06,29.4618137996332,106.442258304194,重庆市,500000.0,重庆市,500000.0,九龙坡区,500107.0,29.5087800868489,106.457248053129,重庆市,500000,重庆市,500000,九龙坡区,500107,九龙坡区职业教育中心(中梁山矿务学校) IP广播设备,协调能力
2013,机房设备,http://htgs.ccgp.gov.cn/GS8/contractpublish/detail/2c8382a9601ee35201601f65e6f60174?contractSign=0,2013-11-25,2017-12-04,九龙坡区职业教育中心(中梁山矿务学校),重庆鑫满科技发展有限公司,13A0862,13A0862,,,,,,,,,99.800000万元,,,重庆市九龙坡区,中等职业学校教育,重庆市九龙坡区交易中心,2013-11-25,2013-11-25,99.8,2.37197e+06,29.4618137996332,106.442258304194,重庆市,500000.0,重庆市,500000.0,九龙坡区,500107.0,29.5140130932316,106.453978658059,重庆市,500000,重庆市,500000,九龙坡区,500107,九龙坡区职业教育中心(中梁山矿务学校) 机房设备,协调能力
2013,机电设备,http://htgs.ccgp.gov.cn/GS8/contractpublish/detail/2c8382a9601ee35201602986542b1176?contractSign=0,2013-11-11,2017-12-06,九龙坡区职业教育中心(中梁山矿务学校),重庆英卡机电设备有限公司,13A0847,13A0847,,,,,,,,,72.000000万元,,,重庆市九龙坡区,中等职业学校教育,重庆市九龙坡区交易中心,2013-11-11,2013-11-11,72.0,2.371971e+06,29.4618137996332,106.442258304194,重庆市,500000.0,重庆市,500000.0,九龙坡区,500107.0,29.5232529975121,106.372050166714,重庆市,500000,重庆市,500000,九龙坡区,500107,九龙坡区职业教育中心(中梁山矿务学校) 机电设备,协调能力
2013,学生课桌椅,http://htgs.ccgp.gov.cn/GS8/contractpublish/detail/2c8382aa6024955101602978cb46080a?contractSign=0,2013-06-02,2017-12-06,九龙坡区职业教育中心(中梁山矿务学校),重庆市林宝家具有限公司,13A0387,13A0387,,,,,,,,,12.480000万元,,,重庆市九龙坡区,中等职业学校教育,重庆市九龙坡区交易中心,2013-06-02,2013-06-02,12.48,2.371972e+06,29.4618137996332,106.442258304194,重庆市,500000.0,重庆市,500000.0,九龙坡区,500107.0,30.3667680110589,105.988324810977,重庆市,500000,重庆市,500000,合川区,500117,九龙坡区职业教育中心(中梁山矿务学校) 学生课桌椅,协调能力
2013,办公桌凳柜,http://htgs.ccgp.gov.cn/GS8/contractpublish/detail/2c8382aa602495510160298f37ee086f?contractSign=0,2013-10-28,2017-12-06,九龙坡区职业教育中心(中梁山矿务学校),重庆市正萌教学设备有限公司,13A0790,13A0790,,,,,,,,,2.317000万元,,,重庆市九龙坡区,中等职业学校教育,重庆市九龙坡区交易中心,2013-10-28,2013-10-28,2.317,2.371973e+06,29.4618137996332,106.442258304194,重庆市,500000.0,重庆市,500000.0,九龙坡区,500107.0,29.5655501395322,106.548283138871,重庆市,500000,重庆市,500000,渝中区,500103,九龙坡区职业教育中心(中梁山矿务学校) 办公桌凳柜,协调能力
2013,数控软件,http://htgs.ccgp.gov.cn/GS8/contractpublish/detail/2c8382a9601ee35201602994ba6e11b8?contractSign=0,2013-12-31,2017-12-06,九龙坡区职业教育中心(中梁山矿务学校),上海宇龙软件工程有限公司,13A1066,13A1066,,,,,,,,,7.900000万元,,,重庆市九龙坡区,中等职业学校教育,重庆市九龙坡区交易中心,2013-12-31,2013-12-31,7.9,2.371974e+06,29.4618137996332,106.442258304194,重庆市,500000.0,重庆市,500000.0,九龙坡区,500107.0,29.5049677639214,106.507187010725,重庆市,500000,重庆市,500000,九龙坡区,500107,九龙坡区职业教育中心(中梁山矿务学校) 数控软件,协调能力
2013,电脑机房设备,http://htgs.ccgp.gov.cn/GS8/contractpublish/detail/2c8382aa602495510160298a089d085f?contractSign=0,2013-12-11,2017-12-06,九龙坡区职业教育中心(中梁山矿务学校),重庆朗帝动利科技发展有限公司,13A0857,13A0857,,,,,,,,,14.914000万元,,,重庆市九龙坡区,中等职业学校教育,重庆市九龙坡区交易中心,2013-12-11,2013-12-11,14.914,2.371975e+06,29.4618137996332,106.442258304194,重庆市,500000.0,重庆市,500000.0,九龙坡区,500107.0,29.9143454717181,107.789962673766,重庆市,500000,重庆市,500000,丰都县,500230,九龙坡区职业教育中心(中梁山矿务学校) 电脑机房设备,协调能力
2013,电脑设备,http://htgs.ccgp.gov.cn/GS8/contractpublish/detail/2c8382aa6024955101602947929007a1?contractSign=0,2013-11-01,2017-12-06,九龙坡区职业教育中心(中梁山矿务学校),重庆骏派商贸有限公司,13A0854,13A0854,,,,,,,,,260.985000万元,,,重庆市九龙坡区,中等职业学校教育,重庆市九龙坡区交易中心,2013-11-01,2013-11-01,260.985,2.371976e+06,29.4618137996332,106.442258304194,重庆市,500000.0,重庆市,500000.0,九龙坡区,500107.0,29.5113178159993,105.765889701017,重庆市,500000,重庆市,500000,大足区,500111,九龙坡区职业教育中心(中梁山矿务学校) 电脑设备,协调能力
2013,音箱设备,http://htgs.ccgp.gov.cn/GS8/contractpublish/detail/2c8382aa60249551016029a5164308f0?contractSign=0,2013-10-06,2017-12-06,九龙坡区职业教育中心(中梁山矿务学校),重庆前锋科技有限公司,13A0818,13A0818,,,,,,,,,24.792900万元,,,重庆市九龙坡区,中等职业学校教育,重庆市九龙坡区交易中心,2013-10-06,2013-10-06,24.7929,2.371977e+06,29.4618137996332,106.442258304194,重庆市,500000.0,重庆市,500000.0,九龙坡区,500107.0,30.2256623349434,108.043124707375,重庆市,500000,重庆市,500000,忠县,500233,九龙坡区职业教育中心(中梁山矿务学校) 音箱设备,协调能力
2013,汽车运用与维修专业设备,http://htgs.ccgp.gov.cn/GS8/contractpublish/detail/2c8382aa602495510160296157e307c7?contractSign=0,2013-09-16,2017-12-06,九龙坡区职业教育中心(中梁山矿务学校),重庆韬益商贸有限责任公司,13A0374,13A0374,,,,,,,,,25.000000万元,,,重庆市九龙坡区,中等职业学校教育,重庆市九龙坡区交易中心,2013-09-16,2013-09-16,25.0,2.371978e+06,29.4618137996332,106.442258304194,重庆市,500000.0,重庆市,500000.0,九龙坡区,500107.0,29.3310036070138,105.926979451504,重庆市,500000,重庆市,500000,永川区,500118,九龙坡区职业教育中心(中梁山矿务学校) 汽车运用与维修专业设备,协调能力
2013,音响设备,http://htgs.ccgp.gov.cn/GS8/contractpublish/detail/2c8382a9601ee35201602999f44f11d6?contractSign=0,2013-10-15,2017-12-06,九龙坡区职业教育中心(中梁山矿务学校),重庆前锋科技有限公司,13A0818,13A0818,,,,,,,,,24.792900万元,,,重庆市九龙坡区,中等职业学校教育,重庆市九龙坡区交易中心,2013-10-15,2013-10-15,24.7929,2.371979e+06,29.4618137996332,106.442258304194,重庆市,500000.0,重庆市,500000.0,九龙坡区,500107.0,30.2256623349434,108.043124707375,重庆市,500000,重庆市,500000,忠县,500233,九龙坡区职业教育中心(中梁山矿务学校) 音响设备,协调能力
2013,会议桌椅,http://htgs.ccgp.gov.cn/GS8/contractpublish/detail/2c8382a9601ee3520160299225e011aa?contractSign=0,2013-10-17,2017-12-06,九龙坡区职业教育中心(中梁山矿务学校),重庆市正萌教学设备有限公司,13A0790,13A0790,,,,,,,,,3.000000万元,,,重庆市九龙坡区,中等职业学校教育,重庆市九龙坡区交易中心,2013-10-17,2013-10-17,3.0,2.37198e+06,29.4618137996332,106.442258304194,重庆市,500000.0,重庆市,500000.0,九龙坡区,500107.0,29.5655501395322,106.548283138871,重庆市,500000,重庆市,500000,渝中区,500103,九龙坡区职业教育中心(中梁山矿务学校) 会议桌椅,协调能力
2013,T3教学软件,http://htgs.ccgp.gov.cn/GS8/contractpublish/detail/2c8382aa6024955101602981babc082c?contractSign=0,2013-12-19,2017-12-06,九龙坡区职业教育中心(中梁山矿务学校),重庆松涛科技有限公司,13A1183,13A1183,,,,,,,,,4.500000万元,,,重庆市九龙坡区,中等职业学校教育,重庆市九龙坡区交易中心,2013-12-19,2013-12-19,4.5,2.371981e+06,29.4618137996332,106.442258304194,重庆市,500000.0,重庆市,500000.0,九龙坡区,500107.0,31.3794729281957,109.117063896792,重庆市,500000,重庆市,500000,巫溪县,500238,九龙坡区职业教育中心(中梁山矿务学校) T3教学软件,协调能力
2013,购销合同,http://htgs.ccgp.gov.cn/GS8/contractpublish/detail/2c8382aa602e693101602ed032a60162?contractSign=0,2013-12-19,2017-12-07,区驿都实验学校(区白市驿镇一小),重庆金田厨具工程有限公司,无,13A1212,,,,,,,,,2.000000万元,,,重庆市九龙坡区,金属制厨房用器具制造,无,2013-12-19,2013-12-19,2.0,2.371982e+06,29.4725537792583,106.361729316616,重庆市,500000.0,重庆市,500000.0,九龙坡区,500107.0,29.419331256557,105.619499947739,重庆市,500000,重庆市,500000,荣昌区,500153,区驿都实验学校(区白市驿镇一小) 购销合同,协调能力
2013,重庆市政府采购货物购销合同,http://htgs.ccgp.gov.cn/GS8/contractpublish/detail/2c8382aa602e693101602ec7b34a0155?contractSign=0,2013-12-09,2017-12-07,区驿都实验学校(区白市驿镇一小),重庆高锦方联科技有限公司(黄亮-86155929-...,6514230306,13A1140,,,,,,,,,0.314000万元,,,重庆市九龙坡区,其他电子设备制造,重庆市九龙坡区交易中心,2013-12-09,2013-12-09,0.314,2.371983e+06,29.4725537792583,106.361729316616,重庆市,500000.0,重庆市,500000.0,九龙坡区,500107.0,31.8980107753926,108.558941745723,重庆市,500000,重庆市,500000,城口县,500229,区驿都实验学校(区白市驿镇一小) 重庆市政府采购货物购销合同,协调能力
2013,课桌凳,http://htgs.ccgp.gov.cn/GS8/contractpublish/detail/2c8382a9601ee35201602f28db6e1d60?contractSign=0,2013-08-30,2017-12-07,九龙坡区和平小学,重庆市正萌教学设备有限公司,无,7,,,,,,,,,,,,重庆市九龙坡区,普通小学教育,重庆市九龙坡区交易中心,2013-08-30,2013-08-30,,2.371984e+06,29.4354003876164,106.425155755652,重庆市,500000.0,重庆市,500000.0,九龙坡区,500107.0,29.5655501395322,106.548283138871,重庆市,500000,重庆市,500000,渝中区,500103,九龙坡区和平小学 课桌凳,协调能力
2013,空调购买,http://htgs.ccgp.gov.cn/GS8/contractpublish/detail/2c8382a9602fdcf801603000c4a2012c?contractSign=0,2013-12-20,2017-12-07,九龙坡区和平小学,重庆同联机电设备安装工程有限公司,无,无,,,,,,,,,,,,重庆市九龙坡区,普通小学教育,重庆市九龙坡区交易中心,2013-12-20,2013-12-20,,2.371985e+06,29.4354003876164,106.425155755652,重庆市,500000.0,重庆市,500000.0,九龙坡区,500107.0,29.5349631925552,106.515216360261,重庆市,500000,重庆市,500000,九龙坡区,500107,九龙坡区和平小学 空调购买,协调能力
2013,阅览室家具,http://htgs.ccgp.gov.cn/GS8/contractpublish/detail/2c8382aa602fd3c90160300344f20111?contractSign=0,2013-12-06,2017-12-07,九龙坡区和平小学,重庆市澜林教学设备有限公司,无,无,,,,,,,,,,,,重庆市九龙坡区,普通小学教育,重庆市九龙坡区交易中心,2013-12-06,2013-12-06,,2.371986e+06,29.4354003876164,106.425155755652,重庆市,500000.0,重庆市,500000.0,九龙坡区,500107.0,29.580945279432,106.23490501224,重庆市,500000,重庆市,500000,璧山区,500120,九龙坡区和平小学 阅览室家具,协调能力
2013,含谷小学合唱台采购合同,http://htgs.ccgp.gov.cn/GS8/contractpublish/detail/2c8382a9602fdcf801602fe18d710019?contractSign=0,2013-06-10,2017-12-07,九龙坡区含谷镇小学,东莞市万江龙飞舞台设备厂,cqhgxx044,13A0235,,,,,,,,,,,,重庆市九龙坡区,普通小学教育,无,2013-06-10,2013-06-10,,2.371987e+06,29.5221964232933,106.36784464083,重庆市,500000.0,重庆市,500000.0,九龙坡区,500107.0,23.0494742507745,113.733130016938,广东省,440000,东莞市,441900,东莞市,441900,九龙坡区含谷镇小学 含谷小学合唱台采购合同,协调能力
2013,含谷小学课桌椅采购合同,http://htgs.ccgp.gov.cn/GS8/contractpublish/detail/2c8382a9601ee35201602fd067e11eb9?contractSign=0,2013-06-05,2017-12-07,九龙坡区含谷镇小学,重庆鑫茂教学设备有限公司,cqhgxx043,13A0366,,,,,,,,,,,,重庆市九龙坡区,普通小学教育,无,2013-06-05,2013-06-05,,2.371988e+06,29.5221964232933,106.36784464083,重庆市,500000.0,重庆市,500000.0,九龙坡区,500107.0,29.068229876835,106.633702387491,重庆市,500000,重庆市,500000,綦江区,500110,九龙坡区含谷镇小学 含谷小学课桌椅采购合同,协调能力
2013,华龙家园、华福家园廉租房智能化系统（含监控、停车场、门禁系统）合同,http://htgs.ccgp.gov.cn/GS8/contractpublish/detail/2c8382aa602fd3c90160354a2e7e0cc2?contractSign=0,2013-11-25,2017-12-08,九龙坡区房屋管理局,重庆祥腾科技发展有限公司,13B0039,13B0039,,,,,,,,,54.800000万元,,,重庆市九龙坡区,计算机、软件及辅助设备零售,重庆市九龙坡区交易中心,2013-11-25,2013-11-25,54.8,2.371989e+06,29.461347761905,106.430078225502,重庆市,500000.0,重庆市,500000.0,九龙坡区,500107.0,29.9143454717181,107.789962673766,重庆市,500000,重庆市,500000,丰都县,500230,九龙坡区房屋管理局 华龙家园、华福家园廉租房智能化系统（含监控、停车场、门禁系统）合同,协调能力
2013,课桌凳采购,http://htgs.ccgp.gov.cn/GS8/contractpublish/detail/2c8382aa602fd3c901603bac4df111dc?contractSign=0,2013-08-15,2017-12-09,重庆市人和中学（重庆电机厂子弟学校）,重庆聚宝教学设备有限公司,13A0683,13A0683,,,,,,,,,9.700000万元,,,重庆市九龙坡区,家具制造业,重庆市九龙坡区交易中心,2013-08-15,2013-08-15,9.7,2.37199e+06,29.6388293943136,106.53262737166,重庆市,500000.0,重庆市,500000.0,渝北区,500112.0,29.7352305899614,106.459274604046,重庆市,500000,重庆市,500000,北碚区,500109,重庆市人和中学（重庆电机厂子弟学校） 课桌凳采购,协调能力
2013,音响,http://htgs.ccgp.gov.cn/GS8/contractpublish/detail/2c8382aa602fd3c901603a928558114f?contractSign=0,2013-08-01,2017-12-09,中共重庆市九龙坡区委老干部局,渝中区锐声音响设备商行,13A0497,13A0497,,,,,,,,,0.750000万元,,,重庆市九龙坡区,音响设备制造,九龙坡,2013-08-01,2013-08-01,0.75,2.371991e+06,29.5049677639214,106.507187010725,重庆市,500000.0,重庆市,500000.0,九龙坡区,500107.0,29.555680457453,106.56530671271,重庆市,500000,重庆市,500000,渝中区,500103,中共重庆市九龙坡区委老干部局 音响,协调能力
2013,课桌凳,http://htgs.ccgp.gov.cn/GS8/contractpublish/detail/2c8382aa602fd3c901603a3ea74b1122?contractSign=0,2013-04-12,2017-12-09,九龙坡区新凤小学校,江津区几江云辉丽都剑桥家具厂,13A0098,13A0098,,,,,,,,,4.800000万元,,,重庆市九龙坡区,普通小学教育,重庆市九龙坡区交易中心,2013-04-12,2013-04-12,4.8,2.371992e+06,29.5049677639214,106.507187010725,重庆市,500000.0,重庆市,500000.0,九龙坡区,500107.0,29.2869507164394,106.254850292709,重庆市,500000,重庆市,500000,江津区,500116,九龙坡区新凤小学校 课桌凳,协调能力
2013,重庆市政府采购购销合同,http://htgs.ccgp.gov.cn/GS8/contractpublish/detail/2c8382a9604380f4016044b8395805dc?contractSign=0,2013-08-12,2017-12-11,重庆市渝西中学,重庆东洋锅炉有限公司,201310810,13A0446,,,,,,,,,,,,重庆市九龙坡区,其他未列明餐饮业,重庆市九龙坡区交易中心,2013-08-12,2013-08-12,,2.371993e+06,29.2979694916657,106.331683350437,重庆市,500000.0,重庆市,500000.0,九龙坡区,500107.0,29.5655501395322,106.548283138871,重庆市,500000,重庆市,500000,渝中区,500103,重庆市渝西中学 重庆市政府采购购销合同,协调能力
2013,合同,http://htgs.ccgp.gov.cn/GS8/contractpublish/detail/2c8382a9604898c001604965349101e7?contractSign=0,2013-11-29,2017-12-12,九龙坡区共和小学,成都南方家俱有限公司,13A1188,13A1188,,,,,,,,,0.170000万元,,,重庆市九龙坡区,制造业,无,2013-11-29,2013-11-29,0.17,2.371994e+06,29.4830374771993,106.433587457757,重庆市,500000.0,重庆市,500000.0,九龙坡区,500107.0,29.5049677639214,106.507187010725,重庆市,500000,重庆市,500000,九龙坡区,500107,九龙坡区共和小学 合同,协调能力
2013,合同,http://htgs.ccgp.gov.cn/GS8/contractpublish/detail/2c8382a9604898c001604944f53001c7?contractSign=0,2013-08-28,2017-12-12,九龙坡区共和小学,沙坪坝区森达家具厂,13A0574,13A0574,,,,,,,,,1.288000万元,,,重庆市九龙坡区,木质家具制造,无,2013-08-28,2013-08-28,1.288,2.371995e+06,29.4830374771993,106.433587457757,重庆市,500000.0,重庆市,500000.0,九龙坡区,500107.0,29.5608404955873,106.459215509171,重庆市,500000,重庆市,500000,沙坪坝区,500106,九龙坡区共和小学 合同,协调能力
2013,国家统计局浦城调查队尼康D7000套机(18-105mm)采购合同,http://htgs.ccgp.gov.cn/GS8/contractpublish/detail/2c8382a962471dfd01626546cf781731?contractSign=0,2013-10-08,2018-03-27,国家统计局浦城调查队,广州市恒锵数码产品有限公司,GDC-20130923094889771,GDC-20130923094889771,,,,,,,,,,,,福建省南平市浦城县,公共管理、社会保障和社会组织,中央国家机关政府采购中心,2013-10-08,2013-10-08,,2.371996e+06,27.92658472286,118.534071383505,福建省,350000.0,南平市,350700.0,浦城县,350722.0,27.9205663255744,118.536249576199,福建省,350000,南平市,350700,浦城县,350722,国家统计局浦城调查队 国家统计局浦城调查队尼康D7000套机(18-105mm)采购合同,提取能力
2013,二圣镇中心学校食堂和门卫室电改造合同,http://htgs.ccgp.gov.cn/GS8/contractpublish/detail/2c8382aa62b736980162b7f31e6e02e2?contractSign=0,2013-08-15,2018-04-12,二圣中心学校,重庆西江建设（集团）有限公司,15B0298,15B0298,,,,,,,,,2.990000万元,,,重庆市巴南区,建筑业,重庆市巴南区交易中心,2013-08-15,2013-08-15,2.99,2.371997e+06,29.468353392335,106.774195502704,重庆市,500000.0,重庆市,500000.0,巴南区,500113.0,29.2432922087313,106.204941171902,重庆市,500000,重庆市,500000,江津区,500116,二圣中心学校 二圣镇中心学校食堂和门卫室电改造合同,协调能力
2013,北碚区华光小学图书采购合同,http://htgs.ccgp.gov.cn/GS8/contractpublish/detail/2c8382aa6588c1dc016589dd2712029a?contractSign=0,2013-12-13,2018-08-30,重庆市北碚区华光小学,重庆新华传媒有限公司北碚新华书店,2013A003,13A1056,,,,,,,,,2.493390万元,,,重庆市北碚区,教育,无,2013-12-13,2013-12-13,2.49339,2.371998e+06,29.8192731611338,106.405643447987,重庆市,500000.0,重庆市,500000.0,北碚区,500109.0,29.8272191601497,106.431841692594,重庆市,500000,重庆市,500000,北碚区,500109,重庆市北碚区华光小学 北碚区华光小学图书采购合同,协调能力
2013,采购电脑,http://htgs.ccgp.gov.cn/GS8/contractpublish/detail/2c8382a96598181e0165a402fa7e0e64?contractSign=0,2013-01-19,2018-09-04,兰桥镇,秀山柯龙数码科技有限公司,342002835128321,18A0016,,,,,,,,,0.856000万元,,,重庆市秀山土家族苗族自治县,计算机、软件及辅助设备零售,重庆市秀山县交易中心,2013-01-19,2013-01-19,0.856,2.371999e+06,28.1889841436677,108.994312107829,重庆市,500000.0,重庆市,500000.0,秀山土家族苗族自治县,500241.0,28.4492309572394,108.998107127313,重庆市,500000,重庆市,500000,秀山土家族苗族自治县,500241,兰桥镇 采购电脑,协调能力
2013,教室、实验室、功能室设备追加,http://htgs.ccgp.gov.cn/GS8/contractpublish/detail/2c8382a971abe42c0171cc7877903185?contractSign=0,2013-12-06,2020-05-01,重庆市北碚区状元小学,重庆商社信息科技有限公司,13A0849-01,13A0849,,,,,,,,,2.932000万元,,,重庆市北碚区,制造业,重庆市北碚区状元小学,2013-12-06,2013-12-06,2.932,2.372e+06,29.7895548752926,106.383779651567,重庆市,500000.0,重庆市,500000.0,北碚区,500109.0,29.3520554492936,105.893752680359,重庆市,500000,重庆市,500000,永川区,500118,重庆市北碚区状元小学 教室、实验室、功能室设备追加,协调能力
2013,采购离子色谱仪,http://htgs.ccgp.gov.cn/GS8/contractpublish/detail/2c8382a971abe42c0171cc7879b73189?contractSign=0,2013-12-25,2020-05-01,重庆市北碚区疾控中心,重庆迈克科技公司,13A0803-01,13A0803,,,,,,,,,53.500000万元,,,重庆市北碚区,制造业,重庆众合招标代理有限公司,2013-12-25,2013-12-25,53.5,2.372001e+06,29.8258467127773,106.440900595643,重庆市,500000.0,重庆市,500000.0,北碚区,500109.0,29.5655501395322,106.548283138871,重庆市,500000,重庆市,500000,渝中区,500103,重庆市北碚区疾控中心 采购离子色谱仪,协调能力
2013,重庆市北碚区云政务(一期)项目监理,http://htgs.ccgp.gov.cn/GS8/contractpublish/detail/2c8382aa71abd7760171cc7878f333d9?contractSign=0,2013-12-09,2020-05-01,重庆市北碚区信息中心,重庆联盛建设项目管理有限公司,13C0077-01,13C0077,,,,,,,,,26.900000万元,,,重庆市北碚区,居民服务、修理和其他服务业,重庆市北碚区公共资源综合交易中心,2013-12-09,2013-12-09,26.9,2.372002e+06,29.8078461712625,106.391675355747,重庆市,500000.0,重庆市,500000.0,北碚区,500109.0,29.6875159727311,106.563079195853,重庆市,500000,重庆市,500000,渝北区,500112,重庆市北碚区信息中心 重庆市北碚区云政务(一期)项目监理,协调能力
2013,全区体育健身路径维护,http://htgs.ccgp.gov.cn/GS8/contractpublish/detail/2c8382aa71f1b1c901721edfc1944f4b?contractSign=0,2013-12-17,2020-05-17,九龙坡区体育局,重庆广亚体育设备制造有限公司,13C0165-01,13C0165,,,,,,,,,19.590000万元,,,重庆市九龙坡区,居民服务、修理和其他服务业,九龙坡区体育局,2013-12-17,2013-12-17,19.59,2.372003e+06,29.5055068971368,106.508381546351,重庆市,500000.0,重庆市,500000.0,九龙坡区,500107.0,29.5127965507331,106.457430464046,重庆市,500000,重庆市,500000,九龙坡区,500107,九龙坡区体育局 全区体育健身路径维护,协调能力
2013,公共场所创卫物资采购,http://htgs.ccgp.gov.cn/GS8/contractpublish/detail/2c8382a971da0ebd01721edfbd2a5d61?contractSign=0,2013-07-15,2020-05-17,重庆市九龙坡区卫生健康综合行政执法支队,重庆祥福广告有限责任公司,13A0301-01,13A0301,,,,,,,,,13.521000万元,,,重庆市九龙坡区,制造业,重庆市九龙坡区卫生健康综合行政执法支队,2013-07-15,2013-07-15,13.521,2.372004e+06,29.5089331426428,106.474398494239,重庆市,500000.0,重庆市,500000.0,九龙坡区,500107.0,29.5583772692498,106.522201583756,重庆市,500000,重庆市,500000,江北区,500105,重庆市九龙坡区卫生健康综合行政执法支队 公共场所创卫物资采购,合规能力
2013,C区电力增容,http://htgs.ccgp.gov.cn/GS8/contractpublish/detail/2c8382aa71f1b1c901721edfbe554f43?contractSign=0,2013-08-12,2020-05-17,重庆市九龙坡区人民医院,重庆拓展电力工程勘察设计有限公司,13A0435-02,13A0435,,,,,,,,,1.400000万元,,,重庆市九龙坡区,制造业,九龙坡区公共资源综合交易中心,2013-08-12,2013-08-12,1.4,2.372005e+06,29.5100038226203,106.50929992065,重庆市,500000.0,重庆市,500000.0,九龙坡区,500107.0,29.6098134433348,106.540298028318,重庆市,500000,重庆市,500000,渝北区,500112,重庆市九龙坡区人民医院 C区电力增容,协调能力
2013,电消毒锅,http://htgs.ccgp.gov.cn/GS8/contractpublish/detail/2c8382aa71f1b1c901721edfbff94f47?contractSign=0,2013-11-27,2020-05-17,重庆市九龙坡区人民医院,山东新华医疗器械有限公司,13A0396-02,13A0396,,,,,,,,,30.000000万元,,,重庆市九龙坡区,制造业,九龙坡区公共资源综合交易中心,2013-11-27,2013-11-27,30.0,2.372006e+06,29.5100038226203,106.50929992065,重庆市,500000.0,重庆市,500000.0,九龙坡区,500107.0,29.5049677639214,106.507187010725,重庆市,500000,重庆市,500000,九龙坡区,500107,重庆市九龙坡区人民医院 电消毒锅,协调能力
2013,全区体育健身器材采购,http://htgs.ccgp.gov.cn/GS8/contractpublish/detail/2c8382a971da0ebd01721edfc0ce5d69?contractSign=0,2013-12-17,2020-05-17,九龙坡区体育局,九龙坡区凯锐特体育器材厂,13A0816-01,13A0816,,,,,,,,,7.119000万元,,,重庆市九龙坡区,制造业,九龙坡区公共资源综合交易中心,2013-12-17,2013-12-17,7.119,2.372007e+06,29.5055068971368,106.508381546351,重庆市,500000.0,重庆市,500000.0,九龙坡区,500107.0,29.5049677639214,106.507187010725,重庆市,500000,重庆市,500000,九龙坡区,500107,九龙坡区体育局 全区体育健身器材采购,协调能力
2013,传染病防治创卫物资采购,http://htgs.ccgp.gov.cn/GS8/contractpublish/detail/2c8382a971da0ebd01721edfbf295d65?contractSign=0,2013-12-06,2020-05-17,重庆市九龙坡区卫生健康综合行政执法支队,重庆祥福广告有限责任公司,13C0137-01,13C0137,,,,,,,,,14.950000万元,,,重庆市九龙坡区,居民服务、修理和其他服务业,重庆市九龙坡区卫生健康综合行政执法支队,2013-12-06,2013-12-06,14.95,2.372008e+06,29.5089331426428,106.474398494239,重庆市,500000.0,重庆市,500000.0,九龙坡区,500107.0,29.5583772692498,106.522201583756,重庆市,500000,重庆市,500000,江北区,500105,重庆市九龙坡区卫生健康综合行政执法支队 传染病防治创卫物资采购,合规能力
2013,全区体育健身路径维护,http://htgs.ccgp.gov.cn/GS8/contractpublish/detail/2c8382a971da0ebd01721edfc2615d6d?contractSign=0,2013-12-17,2020-05-17,九龙坡区体育局,重庆广亚体育设备制造有限公司,13C0199-01,13C0199,,,,,,,,,19.792000万元,,,重庆市九龙坡区,居民服务、修理和其他服务业,九龙坡区体育局,2013-12-17,2013-12-17,19.792,2.372009e+06,29.5055068971368,106.508381546351,重庆市,500000.0,重庆市,500000.0,九龙坡区,500107.0,29.5127965507331,106.457430464046,重庆市,500000,重庆市,500000,九龙坡区,500107,九龙坡区体育局 全区体育健身路径维护,协调能力
2013,完善国家农村义务教育薄弱学校改造市级项目“班班通”教室采购合同,http://htgs.ccgp.gov.cn/GS8/contractpublish/detail/2c8382aa75646f5e01758a5735614f2c?contractSign=0,2013-03-15,2020-11-03,重庆市綦江区教育信息技术与装备中心,綦江县互利电脑维修站,13B0004-03,13B0004,綦江区南州中学融慧楼四楼,48650831,重庆市綦江区古南街道北街22号附8号,02348671222,无,墙体开槽、工程安装,81.00批,280.0000,6.773300万元,详见合同附件,电子卖场,,,,2013-03-15,2020-11-03,6.7733,2.37201e+06,29.0543794963739,106.638000149838,重庆市,500000.0,重庆市,500000.0,綦江区,500110.0,29.0319198195659,106.647227457694,重庆市,500000,重庆市,500000,綦江区,500110,重庆市綦江区教育信息技术与装备中心 完善国家农村义务教育薄弱学校改造市级项目“班班通”教室采购合同,协调能力
2013,环境应急设备采购合同,http://htgs.ccgp.gov.cn/GS8/contractpublish/detail/2c8382a975da646c0175dcc310fd4c53?contractSign=0,2013-11-01,2020-11-19,重庆市荣昌区环境保护局,重庆珍枫堂商贸有限公司,13A1258-02,13A1258,重庆市荣昌区昌州街道兴荣大厦19楼,46733426,重庆市江北区红石路5号38-6,67861243,仪器设备,佳能60d数码相机镜头1个，佳能60d数码相机（含配件）2台，索尼hdr-pj790e数码摄像机及配件1台，华硕x450ei311vc1台，便携式酸度计（德国wtw）1台，有害气体报警仪（欣宝可燃气体探测仪）8台,1.00批,46000.0000,4.600000万元,详见合同附件,电子卖场,,,,2013-11-01,2020-11-19,4.6,2.372011e+06,29.4173014050406,105.607274416333,重庆市,500000.0,重庆市,500000.0,荣昌区,500153.0,29.5857141988751,106.521046776845,重庆市,500000,重庆市,500000,江北区,500105,重庆市荣昌区环境保护局 环境应急设备采购合同,协调能力
2013,大湾电站增效扩容改造采购合同,http://htgs.ccgp.gov.cn/GS8/contractpublish/detail/2c8382aa76610bf401768bd3684b71d1?contractSign=0,2013-04-01,2020-12-23,重庆市万盛经济技术开发区水务局,重庆市南方阻燃电线电缆厂,13B0020-01,13B0020,万盛大道24号,18996032339,重庆市九龙坡区,13883994943,电力电缆,YJV,1.00批,75675.7000,7.567570万元,详见合同附件,电子卖场,,,,2013-04-01,2020-12-23,7.56757,2.372012e+06,,,,,,,,,29.5049677639214,106.507187010725,重庆市,500000,重庆市,500000,九龙坡区,500107,重庆市万盛经济技术开发区水务局 大湾电站增效扩容改造采购合同,协调能力
2013,博物馆布展装饰工程,http://htgs.ccgp.gov.cn/GS8/contractpublish/detail/2c8382a9848af96901849d5f112f6894?contractSign=0,2013-12-20,2022-11-22,黑龙江中医药大学,黑龙江华鼎建筑集团有限公司,HF-2012-0201,HTC-134143,香坊区和平路24号,82193602,哈尔滨市道外区南九道街35号1-2层,0451-55677664,布展装饰工程,详见合同,1.0000项,5302401.8800元,530.240188万元,和平路24号,竞争性磋商,,,,2013-12-20,2022-11-22,530.240188,2.372013e+06,45.7242195786271,126.63876420609,黑龙江省,230000.0,哈尔滨市,230100.0,香坊区,230110.0,45.7810592522106,126.64501697474,黑龙江省,230000,哈尔滨市,230100,道外区,230104,黑龙江中医药大学 博物馆布展装饰工程,协调能力
2013,和田地区墨玉县城镇垃圾收集清运系统建设项目的合同,http://htgs.ccgp.gov.cn/GS8/contractpublish/detail/2c8382aa848afb0b0184d2c5495c4aed?contractSign=0,2013-08-10,2022-12-02,和田地区生态环境局墨玉县分局,濮阳市嘉得机械设备有限公司,11N42243941C20221,HTMYX（GK）2022-15,墨玉县英协海尔路87号,18399006261,濮阳市嘉得机械设备有限公司,18539388628,和田地区墨玉县城镇垃圾收集清运系统建设项目,品牌:本项目购置环卫车辆39辆（其中垃圾压缩车20辆，扫路车5辆，洗扫车5辆，洒水车2辆规格型号:本项目购置环卫车辆39辆（其中垃圾压缩车20辆，扫路车5辆，洗扫车5辆，洒水车2辆，雾炮车（多功能抑尘车）5辆，登高车2辆），钩臂箱3个；垃圾房50个，垃圾桶3000个。,1.00,19750000.00,,"墨玉县,具体以签订合同为准",,,,,2013-08-10,2022-12-02,,2.372014e+06,37.2747360550322,79.7307906923901,新疆维吾尔自治区,650000.0,和田地区,653200.0,墨玉县,653222.0,35.7619036974359,115.023111113461,河南省,410000,濮阳市,410900,华龙区,410902,和田地区生态环境局墨玉县分局 和田地区墨玉县城镇垃圾收集清运系统建设项目的合同,协调能力
2013,1,http://htgs.ccgp.gov.cn/GS8/contractpublish/detail/2c8382aa856285ba0185c7822c412e62?contractSign=0,2013-01-03,2023-01-19,鹤岗市南山区住房和建设局,鹤岗市卓信人力资源外包服务有限公司,FWHTHLJGCYB07010100Z20221215271,100b3dfc08f1466994d5b26a3c8c8a14,鹤岗市南山区住房和建设局,18067675999,黑龙江省鹤岗市工农区46委华隆住宅楼115室,15846292622,1,详见合同,1.0000份,5100.0000元,0.510000万元,鹤岗市南山住建局,电子卖场,,,,2013-01-03,2023-01-19,0.51,2.372015e+06,47.312882735951,130.279175575362,黑龙江省,230000.0,鹤岗市,230400.0,南山区,230404.0,47.3162941912479,130.267193415233,黑龙江省,230000,鹤岗市,230400,工农区,230403,鹤岗市南山区住房和建设局 1,协调能力
2013,团结幼儿园新光幼儿园建设项目监理,http://htgs.ccgp.gov.cn/GS8/contractpublish/detail/2c8382a985c963810185ca2b5a2b06b9?contractSign=0,2013-11-10,2023-01-19,包头市昆都仑区教育局,内蒙古星元建设监理有限公司,包财购备字[2023]昆区00059号,包财购备字[2023]昆区00059号,校园路,13337189558,内蒙古自治区包头市包头稀土高新技术产业开发区青工南路9号,0472-5951995,团结幼儿园新光幼儿园建设项目监理,详见合同,1.0000项,292050.0000元,29.205000万元,不详,公开招标,,,,2013-11-10,2023-01-19,29.205,2.372016e+06,,,,,,,,,40.6356888577252,109.872961039639,内蒙古自治区,150000,包头市,150200,青山区,150204,包头市昆都仑区教育局 团结幼儿园新光幼儿园建设项目监理,协调能力
2013,浦城县梦笔喜马拉雅有声图书馆（浦城县全民阅读城市书房二期）项目,http://htgs.ccgp.gov.cn/GS8/contractpublish/detail/2c8382aa86cb3ff4018730b37d3b1ac8?contractSign=0,2013-03-27,2023-03-30,浦城县图书馆,润物有声（福州）文化科技有限公司,[350722]FJHSSC[GK]2023001,[350722]FJHSSC[GK]2023001,浦城县环城河边,18960635611,福建省福州市鼓楼区鼓屏路33号七号楼二层,13959946518,音频节目制作和播控设备,详见合同,1.0000批,1007235.000000元,192.217500万元,null,公开招标,,,,2013-03-27,2023-03-30,192.2175,2.372017e+06,27.9205663255744,118.536249576199,福建省,350000.0,南平市,350700.0,浦城县,350722.0,26.0934814055888,119.293625508364,福建省,350000,福州市,350100,鼓楼区,350102,浦城县图书馆 浦城县梦笔喜马拉雅有声图书馆（浦城县全民阅读城市书房二期）项目,协调能力
2013,公务用车定点加油情况说明,http://htgs.ccgp.gov.cn/GS8/contractpublish/detail/2c8382aa87c52b220187eab99194358f?contractSign=0,2013-01-01,2023-05-05,四川省农业科学院遥感与数字农业研究所,中国石化销售股份有限公司四川成都石油分公司,DDCG202301,DDCGXM202301,成都市锦江区静居寺路20号附102,18190760321,四川省成都市武侯区洗面桥街,15228904969,车辆加油、添加燃料服务,详见合同,1.0000项,8000.000000元,0.800000万元,成都,定点采购,,,,2013-01-01,2023-05-05,0.8,2.372018e+06,30.6238624823248,104.105393445327,四川省,510000.0,成都市,510100.0,锦江区,510104.0,30.6392806042525,104.051357885157,四川省,510000,成都市,510100,武侯区,510107,四川省农业科学院遥感与数字农业研究所 公务用车定点加油情况说明,协调能力
2013,科左中旗政务服务中心聘用第三方专业机构服务,http://htgs.ccgp.gov.cn/GS8/contractpublish/detail/2c8382aa87f49c050187ffb9a0ab63d6?contractSign=0,2013-05-09,2023-05-09,科尔沁左翼中旗政务服务局,北京思源同创科技有限责任公司,KZZQZCS-C-F-230012,KZZQZCS-C-F-230012,科左中旗保康镇教育园区,13848851104,电话:北京市朝阳区朝阳路8号5层2单元511,010-63724788,科左中旗政务服务中心聘用第三方专业机构服务,详见合同,1.0000项,1644200.000000元,164.420000万元,保康,竞争性磋商,,,,2013-05-09,2023-05-09,164.42,2.372019e+06,44.1208947866503,123.301524538772,内蒙古自治区,150000.0,通辽市,150500.0,科尔沁左翼中旗,150521.0,39.9102778406484,116.591988715268,北京市,110000,北京市,110000,朝阳区,110105,科尔沁左翼中旗政务服务局 科左中旗政务服务中心聘用第三方专业机构服务,协调能力
2013,河日木特村现代化养牛及棚舍建设养殖项目,http://htgs.ccgp.gov.cn/GS8/contractpublish/detail/2c8382a987eb59c80188050bfa146fff?contractSign=0,2013-05-05,2023-05-10,霍林郭勒市达来胡硕苏木,霍林郭勒市利民建筑安装有限责任公司,HLGLZCS-C-G-230021,HLGLZCS-C-G-230021,霍林郭勒市托修,15750555799,霍林郭勒市,15924544606,河日木特村现代化养牛及棚舍建设养殖项目,详见合同,1.0000项,2808135.000000元,280.813500万元,霍林郭勒市达来胡硕苏木,竞争性磋商,,,,2013-05-05,2023-05-10,280.8135,2.37202e+06,45.5295611669496,119.657376873674,内蒙古自治区,150000.0,通辽市,150500.0,霍林郭勒市,150581.0,45.5295611669496,119.657376873674,内蒙古自治区,150000,通辽市,150500,霍林郭勒市,150581,霍林郭勒市达来胡硕苏木 河日木特村现代化养牛及棚舍建设养殖项目,协调能力
2013,江门市公安局视频综合应用平台建设合同（补录）,http://htgs.ccgp.gov.cn/GS8/contractpublish/detail/2c8382aa8855572a0188f031a8d75189?contractSign=0,2013-03-07,2023-06-25,江门市公安局,广东仟张信息技术有限公司,JM2012-B104,440701-2023-01834,江门市蓬江区西环路383号,0750-3260399,广州市番禺区番禺大道北555号番禺节能科技园内天安总部中心2号楼1201房,020-87564447,江门市公安局视频综合应用平台建设项目,详见合同,1.00批,1986800.00元,198.680000万元,江门市,公开招标,,,,2013-03-07,2023-06-25,198.68,2.372021e+06,22.6108811804761,113.049211255062,广东省,440000.0,江门市,440700.0,蓬江区,440703.0,22.9813887878588,113.365783953712,广东省,440000,广州市,440100,番禺区,440113,江门市公安局 江门市公安局视频综合应用平台建设合同（补录）,合规能力
2013,晋中学院新校区施工合同,http://htgs.ccgp.gov.cn/GS8/contractpublish/detail/2c8382aa8855572a01890a53dc9c5270?contractSign=0,2013-04-28,2023-06-30,晋中学院,山西金环涂装有限公司,11N4076913412023801,14000023202Y200000050,山西省晋中市榆次区文华街199号,18135490096,山西金环涂装有限公司,13935901966,工程,null,1.00,5592200.18,,无,,,,,2013-04-28,2023-06-30,,2.372022e+06,37.741167114979,112.711412422975,山西省,140000.0,晋中市,140700.0,榆次区,140702.0,40.6311958599996,117.364457932016,北京市,110000,北京市,110000,密云区,110118,晋中学院 晋中学院新校区施工合同,协调能力
2013,佛山市南海区医院管理中心互联网接入服务定点议价采购合同,http://htgs.ccgp.gov.cn/GS8/contractpublish/detail/2c8382aa89100b9301891fec0af5674d?contractSign=0,2013-06-08,2023-07-04,佛山市南海区医院管理中心,中国移动通信集团广东有限公司佛山分公司,HT-2023-02547286,DDYJ-2023-813793,广东省-佛山市-南海区广东省佛山市南海区佛山市南海区佛平二路82号卫健大楼16楼,18675711100,佛山市顺德区乐从镇佛山新城岭南大道南12号,13702900453,网络接入服务,详见合同,1.00无,4800.00元,0.480000万元,广东省_佛山市_南海区,电子卖场,,,,2013-06-08,2023-07-04,0.48,2.372023e+06,23.0391940875306,113.132585977231,广东省,440000.0,佛山市,440600.0,南海区,440605.0,22.9639188729629,113.118441484113,广东省,440000,佛山市,440600,顺德区,440606,佛山市南海区医院管理中心 佛山市南海区医院管理中心互联网接入服务定点议价采购合同,协调能力
2013,广东省惠州市博罗县龙华镇卫生院审计服务定点议价采购合同,http://htgs.ccgp.gov.cn/GS8/contractpublish/detail/2c8382aa8944d37e018962a87cfa3490?contractSign=0,2013-06-13,2023-07-17,广东省惠州市博罗县龙华镇卫生院,惠州市天泓会计师事务所（普通合伙）,HT-2023-02568287,DDYJ-2023-824662,广东省-惠州市-博罗县广东省惠州市博罗县博罗县龙华镇广汕公路边,13437737178,惠州市惠城区惠州大道20号赛格假日广场24楼07室,15917755560,审计服务,详见合同,1.00无,8000.00元,0.800000万元,广东省_惠州市_博罗县,电子卖场,,,,2013-06-13,2023-07-17,0.8,2.372024e+06,23.2080472702427,114.035610874893,广东省,440000.0,惠州市,441300.0,博罗县,441322.0,23.0904050745636,114.431632044312,广东省,440000,惠州市,441300,惠城区,441302,广东省惠州市博罗县龙华镇卫生院 广东省惠州市博罗县龙华镇卫生院审计服务定点议价采购合同,协调能力
2013,太原理工大学新校区图书馆主体施工工程,http://htgs.ccgp.gov.cn/GS8/contractpublish/detail/2c8382aa8ad0e2e3018ad5eb28cb571f?contractSign=0,2013-10-20,2023-09-27,太原理工大学,中铁十二局集团建筑安装工程有限公司,11N40570002120232806,CGXM20231499005485,太原市迎泽西大街79号,03513176029,中铁十二局集团建筑安装工程有限公司,13994201620,工程尾款,null,1.00,12794735.93,,无,,,,,2013-10-20,2023-09-27,,2.372025e+06,37.8603961213943,112.519209793362,山西省,140000.0,太原市,140100.0,万柏林区,140109.0,35.2438734803429,100.137510299418,青海省,630000,海南藏族自治州,632500,兴海县,632524,太原理工大学 太原理工大学新校区图书馆主体施工工程,协调能力
2013,兰州市外国语高级中学2023年学校物业服务采购项目,http://htgs.ccgp.gov.cn/GS8/contractpublish/detail/2c8382a98b0896f0018b095e0d3c115a?contractSign=0,2013-05-23,2023-10-07,兰州市外国语高级中学,甘肃天翔物业管理有限责任公司,310020JH054,310020JH063,无,无,无,无,学校物业服务,2023年学校物业服务采购项目,一批,70.8158万元,70.815800万元,履约开始日期:2023-06-01;履约截止日期:2024-05-31;计划验收日期:;履约地点:兰州市外国语高级中学;首付款金额:25万元;首付款截止时间:2023-10-31;,竞争性磋商,,,,2013-05-23,2023-10-07,70.8158,2.372026e+06,36.0586819933475,103.871621644583,甘肃省,620000.0,兰州市,620100.0,城关区,620102.0,36.0545928801287,103.833065422838,甘肃省,620000,兰州市,620100,城关区,620102,兰州市外国语高级中学 兰州市外国语高级中学2023年学校物业服务采购项目,协调能力
2013,乐山市公路应急抢险中心改造项目,http://htgs.ccgp.gov.cn/GS8/contractpublish/detail/2c8382aa8b4a55dc018ba7678af549e3?contractSign=0,2013-08-08,2023-11-07,乐山市公路建设服务中心,四川云禧建筑工程有限公司,N5111012023000150-1,N5111012023000150,乐山市市中区大佛街道龙泓路27号,13881386961,成都市青羊区锦里中路128号附10号1层,0826-2568089,乐山市公路应急抢险中心改造项目,详见合同,1.0000项,1612512.580000元,161.251258万元,不详,竞争性谈判,,,,2013-08-08,2023-11-07,161.251258,2.372027e+06,29.569657972194,103.774835253792,四川省,510000.0,乐山市,511100.0,市中区,511102.0,30.6552211214779,104.050687576275,四川省,510000,成都市,510100,青羊区,510105,乐山市公路建设服务中心 乐山市公路应急抢险中心改造项目,协调能力
2013,采购合同,http://htgs.ccgp.gov.cn/GS8/contractpublish/detail/2c8382aa8be10cd6018bf0ba97f36b76?contractSign=0,2013-05-17,2023-11-21,石棉县永和乡人民政府,石棉县嘉诚科技经营部,石采网备(2023)024号,石采网备(2023)024号,石棉县永和乡白马村四组,18783588127,四川省雅安市石棉县石棉县新棉街6号,18981631526,A4黑白打印机,详见合同,1.0000台,1100.000000元,0.110000万元,石棉县永和乡人民政府,公开招标,,,,2013-05-17,2023-11-21,0.11,2.372028e+06,29.2497435803148,102.482694185589,四川省,510000.0,雅安市,511800.0,石棉县,511824.0,29.233348257496,102.360574122685,四川省,510000,雅安市,511800,石棉县,511824,石棉县永和乡人民政府 采购合同,协调能力
