年份,合同名称,主要标的名称,采购人,供应商,所属行业,合同金额num_万元,capacity_label,label_confidence,label_reason
2012,中国人民政治协商会议甘肃省静宁县委员会采购饮水机,静宁县2020年度政府采购协议供货,中国人民政治协商会议甘肃省静宁县委员会,静宁县百盛电器销售有限责任公司,,0.0699,coordination,0.3333333333333333,"关键词匹配(E:0,C:1,P:1)"
2012,重庆市政府采购货物购销合同,,铜元局街道,重庆安普电器有限公司,其他电子产品零售,0.41,coordination,0.1,默认分类（通用政府采购）
2012,车辆采购合同,商务车,重庆市荣昌区环境保护局,重庆智萃科技有限公司,,25.0,coordination,0.5,"关键词匹配(E:0,C:1,P:0)"
2012,不动产登记中心采购电脑采购合同,华硕,重庆市万盛经济技术开发区国土房管局,重庆正轩科技有限公司,,2.46,extractive,0.6666666666666666,"关键词匹配(E:2,C:0,P:0)"
2012,办公设备采购合同,执法记录仪,平罗县司法局,平罗县卓美达高贸有限公司,,10.344,coordination,0.5,"关键词匹配(E:0,C:2,P:1)"
2012,报警对讲设备采购合同,TC100-XA,永荣中学,荣昌县金刚安防设备有限公司,,3.538,coordination,0.5,"关键词匹配(E:0,C:1,P:0)"
2012,安防智能平台采购合同,大华,永荣中学,重庆市荣昌区鸿运办公设备有限公司,,3.8025,compliance,0.5,"关键词匹配(E:0,C:0,P:1)"
2012,垫江县三溪镇卫生院中医馆整修工程采购合同,垫江县三溪镇卫生院中医馆整修工程,重庆市垫江县三溪镇卫生院,重庆市丹瑞建筑工程有限公司,,15.0,coordination,0.4,"关键词匹配(E:0,C:2,P:2)"
2012,采煤沉限区受损农房等级复核鉴定开展采购合同,无,重庆市万盛经济技术开发区国土房管局,重庆地之源地质工程检测有限公司,,25.5,coordination,0.1,默认分类（通用政府采购）
2012,国土空间规划科购笔记本电脑采购合同,华为,重庆市万盛经济技术开发区国土房管局,重庆市万盛经开区王凯电脑经营部,,1.1,extractive,0.3333333333333333,"关键词匹配(E:1,C:1,P:0)"
2012,专项业务费-万盛经开区2020年矿产资源技术支撑及矸石山安全监管技术服务采购合同,无,重庆市万盛经济技术开发区国土房管局,重庆一三六地质矿产有限责任公司,,31.0,extractive,0.6666666666666666,"关键词匹配(E:2,C:0,P:0)"
2012,万盛经开区矿产资源总体规划（2021-2025）和规划环境影响评价报告采购合同,无,重庆市万盛经济技术开发区国土房管局,重庆地质矿产研究院,,43.2,extractive,0.3333333333333333,"关键词匹配(E:2,C:2,P:1)"
2012,农村土地房屋和集体土地所有权成果质量验收采购合同,无,重庆市万盛经济技术开发区国土房管局,拓土发展有限公司,,24.8,extractive,0.6666666666666666,"关键词匹配(E:2,C:0,P:0)"
2012,农村乱占耕地建房问题摸排技术服务采购合同,无,重庆市万盛经济技术开发区国土房管局,重庆华江地理信息有限公司,,29.6,coordination,0.1,默认分类（通用政府采购）
2012,办公桌椅一批采购合同,无,重庆市綦江区精神卫生中心,綦江区南洋家俱城,,13.42,coordination,0.5,"关键词匹配(E:0,C:1,P:0)"
2012,病房库房定制柜采购合同,库房物品柜,重庆市綦江区精神卫生中心,綦江县南洋家具城,,12.16,coordination,0.1,默认分类（通用政府采购）
2012,医疗仪器采购合同,无抽搐电休克仪及配套,重庆市綦江区精神卫生中心,重庆永业医疗器械有限公司,,81.5,compliance,0.5,"关键词匹配(E:0,C:0,P:1)"
2012,计算机设备销售合同,服务器,盐池县医疗保障局本级,宁夏华威盛通信息工程有限公司,,3.4,coordination,0.5,"关键词匹配(E:0,C:1,P:0)"
2012,计算机设备销售合同,笔记本电脑,盐池县医疗保障局本级,宁夏华威盛通信息工程有限公司,,0.6499,coordination,0.5,"关键词匹配(E:0,C:1,P:0)"
2012,翁源县中医院发热门诊、负压病房、重症监护室及医用气体等科室专用设备及配套安装采购项目,发热门诊、负压病房、重症监护室及医用气体等科室专用设备及配套安装,翁源县中医院,广州市九和工程有限公司,,1180.052808,coordination,0.5,"关键词匹配(E:0,C:2,P:1)"
2012,昆区佳园小区北区硬化工程施工3标段,48216,包头市昆都仑区住房和城乡建设局,包头市第二建筑工程有限责任公司,,4.8216,coordination,0.6666666666666666,"关键词匹配(E:0,C:2,P:0)"
2012,榆林职业技术学院林学院后勤整体选择委托管理,高等教育服务,榆林职业技术学院,陕西榆林绿色阳光物业管理有限公司,,167.9,coordination,0.5,"关键词匹配(E:0,C:2,P:1)"
2012,汕头市龙湖区老旧小区改造项目--2023年度改造任务全过程项目管理咨询服务,汕头市龙湖区老旧小区改造项目--2023年度改造任务全过程项目管理咨询服务,汕头市龙湖区住房和城乡建设局,广东晖达工程顾问有限公司,,276.75925,coordination,0.8888888888888888,"关键词匹配(E:0,C:8,P:0)"
2012,苍溪县非正规垃圾填埋场防渗改造项目监理服务,苍溪县非正规垃圾填埋场防渗改造项目监理服务,广元市苍溪生态环境局,四川昌正工程咨询有限公司,,48.9,coordination,0.5714285714285714,"关键词匹配(E:0,C:4,P:2)"
2012,潮州市潮安区储备粮管理中心修缮工程定点议价采购合同,房屋修缮,潮州市潮安区储备粮管理中心,广东蓝堡建设有限公司,,15.210463,coordination,0.8,"关键词匹配(E:0,C:4,P:0)"
2012,印刷服务（电话本45元*6本=270元),印刷服务（电话本45元*6本=270元),伊春市老干部服务中心,伊春市人民政府文印中心,,0.027,coordination,0.6666666666666666,"关键词匹配(E:0,C:2,P:0)"
2012,办公设备打印机、复印机维修维护,办公设备打印机、复印机维修维护,伊春市老干部服务中心,伊春市伊春区鑫创想电脑科技店,,0.3659,coordination,0.9090909090909091,"关键词匹配(E:0,C:10,P:0)"
2012,男性家族排查系统建设（二期）,男性家族排查系统建设（二期）,黑龙江省垦区公安局绥化分局,深圳华大法医科技有限公司,,6.09024,coordination,0.6666666666666666,"关键词匹配(E:0,C:2,P:0)"
2012,1230,1230,大兴安岭地区市场监督管理局,加格达奇区创彩广告工作室,,0.123,coordination,0.1,默认分类（通用政府采购）
2012,（铁财购核字[2022]01435号）房屋维修,房屋维修,铁力市妇女联合会,铁力市景盛建筑装饰有限责任公司,,0.7,coordination,0.6666666666666666,"关键词匹配(E:0,C:2,P:0)"
2012,关于漠河市阳光社区卫生服务中心车辆维修和保养服务项目,关于漠河市阳光社区卫生服务中心车辆维修和保养服务项目,漠河市阳光社区卫生服务中心,漠河县老六汽车修理部,,0.45048,coordination,0.4444444444444444,"关键词匹配(E:0,C:4,P:4)"
2012,印刷宣传品,印刷宣传品,哈尔滨市香坊区消防救援大队,哈尔滨好物驾稻电子商务有限公司,,7.054,coordination,0.6666666666666666,"关键词匹配(E:0,C:2,P:0)"
2012,条幅、宣传单,条幅、宣传单,黑河市爱辉区林业和草原局,黑河市远大广告有限责任公司,,0.68,coordination,0.1,默认分类（通用政府采购）
2012,改造车库项目,50000,铁力市林业和草原局,黑龙江省博涛建筑装饰有限公司,,4.978361,coordination,0.5,"关键词匹配(E:0,C:1,P:0)"
2012,逊河镇大公河村清淤修路项目,清淤修路项目,逊克县逊河镇大公河村民委员会,黑龙江省中都建筑工程有限公司,,26.311732,coordination,0.1,默认分类（通用政府采购）
2012,表格印刷,表格印刷,大庆市大同区统计局,大庆市大同区继英印务牌匾制作室,,1.35,coordination,0.6666666666666666,"关键词匹配(E:0,C:2,P:0)"
2012,博物馆可移动文物监理费,博物馆可移动文物监理费,泰来县图书馆,沈阳爱乐盟工程顾问有限公司,,1.48,coordination,0.6666666666666666,"关键词匹配(E:0,C:2,P:0)"
2012,审查调查实务手册,审查调查实务手册,中国共产党南岔县纪律检查委员会、南岔县监察委员会,伊春市人民政府文印中心,,0.075,coordination,0.1,默认分类（通用政府采购）
2012,会议记录薄,会议记录薄,大庆市大同区总工会,大庆市鸿鑫印刷有限公司,,0.144,coordination,0.6666666666666666,"关键词匹配(E:0,C:2,P:0)"
2012,招商资料印刷,招商资料印刷,哈尔滨市文化广电和旅游局,哈尔滨华焱印务有限公司,,9.0,coordination,0.6666666666666666,"关键词匹配(E:0,C:2,P:0)"
2012,湛江经济技术开发区硇洲卫生院印刷服务定点议价采购合同,印刷服务,湛江经济技术开发区硇洲卫生院,湛江经济技术开发区东海鸿好印刷厂,,1.365,coordination,0.5,"关键词匹配(E:0,C:2,P:1)"
2012,湛江经济技术开发区硇洲卫生院印刷服务定点议价采购合同,印刷服务,湛江经济技术开发区硇洲卫生院,湛江经济技术开发区东海鸿好印刷厂,,1.0555,coordination,0.5,"关键词匹配(E:0,C:2,P:1)"
2012,2022年度养护业务车辆维修服务,2022年度养护业务车辆维修服务,同江市农村公路养护中心,同江市文忠修理部,,9.501,coordination,0.8,"关键词匹配(E:0,C:4,P:0)"
2012,合肥市生活垃圾焚烧发电厂特许经营项目,焚烧发电运营费及环境监测费,合肥市生活废弃物管理中心,中节能（合肥）可再生能源有限公司,,,compliance,0.6666666666666666,"关键词匹配(E:0,C:0,P:2)"
2012,重竞技运动管理中心改扩建项目一期工程,重竞技运动管理中心改扩建工程一期项目,黑龙江省重竞技运动管理中心,北京建工博海建设有限公司,,310.32524,coordination,0.5714285714285714,"关键词匹配(E:0,C:4,P:2)"
2012,合肥市生活垃圾焚烧发电厂特许经营项目,焚烧发电运营费及环境监测费,合肥市生活废弃物管理中心,中节能（合肥）可再生能源有限公司,,,compliance,0.6666666666666666,"关键词匹配(E:0,C:0,P:2)"
2012,合肥市生活垃圾焚烧发电厂特许经营项目,焚烧发电运营费及环境监测费,合肥市生活废弃物管理中心,中节能（合肥）可再生能源有限公司,,,compliance,0.6666666666666666,"关键词匹配(E:0,C:0,P:2)"
2012,后勤处烘干机质保金退回,厨房操作台,东北农业大学,天津蝶桥厨房设备有限公司,,0.315,coordination,0.5,"关键词匹配(E:0,C:1,P:0)"
2012,新校区学生公寓楼建设合同,新校区学生公寓楼建设,晋中学院,山西安华建设工程有限公司,,,coordination,0.6666666666666666,"关键词匹配(E:0,C:2,P:0)"
2012,建设工程施工合同-山西传媒艺术学院（筹）校区演播与制作中心工程施工五标段,山西传媒艺术学院（筹）校区演播与制作中心工程施工五标段,山西传媒学院,山西六建集团有限公司,,,coordination,0.875,"关键词匹配(E:0,C:7,P:0)"
2012,山西传媒艺术学院（筹）校区图书馆、学生素质拓展中心、国家动画和传媒创业中心工程施工四标段,山西传媒艺术学院（筹）校区图书馆、学生素质拓展中心、国家动画和传媒创业中心工程施工四标段,山西传媒学院,山西建设投资集团有限公司,,,coordination,0.5714285714285714,"关键词匹配(E:0,C:4,P:2)"
2013,渭源县人民医院医疗设备采购项目供货合同(第二包）,,渭源县人民医院,供应商名称,农业,216.0,compliance,0.5,"关键词匹配(E:0,C:1,P:2)"
2013,高分水利业务示范应用平台开发,,水利部水利信息中心,北京航天宏图信息技术有限责任公司,水利、环境和公共设施管理业,236.0,coordination,0.5,"关键词匹配(E:0,C:1,P:0)"
2013,皋兰县第一中学等五所学校装配三机位高清录播教室项目供货合同,,皋兰县教育局,供应商名称,农业,208.9885,compliance,0.6666666666666666,"关键词匹配(E:0,C:0,P:2)"
2013,甘肃省监狱管理局定西监狱“四防一体”及安防设施采购项目合同书,,甘肃省监狱管理局,甘肃博兴建设工程有限公司,信息传输、软件和信息技术服务业,411.0,coordination,0.6,"关键词匹配(E:0,C:1,P:1)"
2013,安徽科技学院图书采购,,安徽科技学院,安徽时代出版发行有限公司,农、林、牧、渔业,40.0,compliance,0.5,"关键词匹配(E:0,C:0,P:1)"
2013,兰州站广场及大桥照明设施维修政府采购项目合同,,甘肃省兰州高速公路管理处,甘肃紫光智能交通与控制技术有限公司,交通运输、仓储和邮政业,30.8,coordination,0.75,"关键词匹配(E:0,C:1,P:0)"
2013,普陀区2013年未纳管污染源改造工程（二标段）施工总承包合同,,上海市普陀区市政管理中心,上海惠丰置业有限公司,暂无,1077.6457,coordination,0.6,"关键词匹配(E:0,C:3,P:1)"
2013,办公笔记本合同,,九龙坡区走马镇中学,重庆拓渠科贸有限公司,普通初中教育,0.49,compliance,0.5,"关键词匹配(E:0,C:1,P:0)"
2013,销售合同,,重庆市中西医结合康复医院,奥托博克中国工业有限公司,其他未列明零售业,4.675,coordination,0.1,默认分类（通用政府采购）
2013,甘肃省中医院停车场车辆进出口道闸免取卡收费系统政府采购项目合同,,甘肃省中医院,甘肃玛斯博诺电子科技有限公司,信息传输、软件和信息技术服务业,34.178,coordination,0.5,"关键词匹配(E:1,C:1,P:1)"
2013,浦东新区郊区生活垃圾清运合同,,上海市浦东新区废弃物管理中心,上海浦东东道远综合养护有限公司,暂无,9093.27,compliance,0.5,"关键词匹配(E:0,C:0,P:1)"
2013,海洋地球物理数据可视化3维立体展示系统软件合同,,国家海洋局第二海洋研究所,上海地海仪器有限公司,科学研究和技术服务业,12.96,coordination,0.1,默认分类（通用政府采购）
2013,采购帧同步器进机卡、HPML350pR08服务器、系统应用软件项目合同,,国家海洋局第二海洋研究所,陕西全和物资机电设备有限责任公司,科学研究和技术服务业,45.95,coordination,0.1,默认分类（通用政府采购）
2013,中国人口宣传教育中心媒体资产管理信息系统项目政府采购合同,,中国人口宣传教育中心,北京捷成世纪科技股份有限公司,卫生和社会工作,479.2,compliance,0.5,"关键词匹配(E:1,C:1,P:1)"
2013,设备安装合同,,北碚区疾控中心,成都瑞洁思环境项目有限公司,疾病预防控制中心,34.98,coordination,0.5,"关键词匹配(E:0,C:1,P:0)"
2013,射线防护制品合同书,,北碚区疾控中心,重庆信远射线防护设备有限公司,疾病预防控制中心,3.9288,coordination,0.1,默认分类（通用政府采购）
2013,仪器设备购销合同,,北碚区疾控中心,重庆康吉医疗器械有限公司,疾病预防控制中心,3.8,coordination,0.5,"关键词匹配(E:0,C:1,P:0)"
2013,仪器设备购销合同,,北碚区疾控中心,重庆通品科技有限公司,疾病预防控制中心,9.9,coordination,0.5,"关键词匹配(E:0,C:1,P:0)"
2013,北碚区政府采购货物购销合同,,北碚区疾控中心,重庆迈克科技公司,疾病预防控制中心,53.5,coordination,0.1,默认分类（通用政府采购）
2013,北碚区政府货物采购购销合同,,北碚区疾控中心,重庆裕捷科技有限公司,疾病预防控制中心,6.385,coordination,0.1,默认分类（通用政府采购）
2013,北碚区政府货物采购购销合同,,北碚区疾控中心,重庆裕捷科技有限公司,疾病预防控制中心,6.135,coordination,0.1,默认分类（通用政府采购）
2013,仪器设备购销合同,,北碚区疾控中心,重庆沐森医疗器械有限公司,疾病预防控制中心,4.1,coordination,0.5,"关键词匹配(E:0,C:1,P:0)"
2013,采购合同,,北碚区疾控中心,重庆伟琅电脑经营部,疾病预防控制中心,2.7019,coordination,0.1,默认分类（通用政府采购）
2013,重庆市政府采购货物购销合同,,北碚区疾控中心,重庆市超之杰商贸有限公司,疾病预防控制中心,3.40875,coordination,0.1,默认分类（通用政府采购）
2013,仪器设备购销合同,,北碚区疾控中心,成都鑫鑫泰实业有限公司,疾病预防控制中心,9.5,coordination,0.5,"关键词匹配(E:0,C:1,P:0)"
2013,实验室设备采购合同,,北碚区疾控中心,上海中增科教设备有限公司,疾病预防控制中心,54.6309,coordination,0.3333333333333333,"关键词匹配(E:0,C:1,P:1)"
2013,仪器设备购销合同,,北碚区疾控中心,重庆铱标科技有限公司,疾病预防控制中心,6.5,coordination,0.5,"关键词匹配(E:0,C:1,P:0)"
2013,北碚区政府货物采购购销合同,,北碚区疾控中心,重庆天朝数码科技有限公司,疾病预防控制中心,4.681,coordination,0.1,默认分类（通用政府采购）
2013,建设工程委托监理合同,,北碚区疾控中心,重庆市宏都建设工程监理有限公司,疾病预防控制中心,3.3,coordination,0.75,"关键词匹配(E:0,C:3,P:0)"
2013,秦安县文化广播影视局“送戏下乡”演出服务项目竞争性磋商招标公告,,秦安县文化广播影视局,秦安县文化演出有限公司,文艺创作与表演,30.992,coordination,0.1,默认分类（通用政府采购）
2013,普陀区生态专项建设工程Ⅲ标施工,,上海市普陀区绿化和市容管理局,上海普陀区园林建设综合开发有限公司,暂无,660.8344,coordination,0.75,"关键词匹配(E:0,C:3,P:0)"
2013,采访话筒购买合同,,重庆市九龙坡区西彭园区实验小学校,重庆明耀办公用品有限公司,其他文化用品零售,0.12,coordination,0.1,默认分类（通用政府采购）
2013,激光笔购买合同,,重庆市九龙坡区西彭园区实验小学校,重庆明耀办公用品有限公司,其他文化用品零售,0.306,coordination,0.1,默认分类（通用政府采购）
2013,重庆市政府采购货物购销合同,,重庆市九龙坡区西彭园区实验小学校,重庆拓展电子有限公司,计算机、软件及辅助设备零售,0.392,coordination,0.1,默认分类（通用政府采购）
2013,采购斯柯达昊锐1.4t小轿车,,九龙坡区房屋管理局,重庆高新璟锐汽车有限公司,汽车零售,14.98,coordination,0.1,默认分类（通用政府采购）
2013,九龙坡区房管局石桥铺房管所采购斯柯达昊锐1.4t小轿车,,九龙坡区房屋管理局,重庆高新璟锐汽车有限公司,汽车零售,14.98,coordination,0.1,默认分类（通用政府采购）
2013,征收中心维修办公室等合同,,九龙坡区房屋管理局,重庆唐风装饰有限公司,建筑装饰业,2.72,coordination,0.5,"关键词匹配(E:1,C:2,P:0)"
2013,重庆市九龙坡区档案局爱国主义教育基地软件制作合同,,九龙坡区档案局,重庆点至科技有限公司,其他未列明建筑业,4.399,coordination,0.6,"关键词匹配(E:0,C:1,P:1)"
2013,重庆市九龙坡区档案局爱国主义教育基地多媒体设备采购合同,,九龙坡区档案局,重庆点至科技有限公司,其他未列明建筑业,4.5156,coordination,0.5714285714285714,"关键词匹配(E:0,C:2,P:2)"
2013,九龙坡区房管局所需车辆采购合同,,九龙坡区房屋管理局,重庆龙华实业集团众华汽车销售服务有限公司,汽车零售,24.67,coordination,0.5,"关键词匹配(E:0,C:1,P:0)"
2013,重庆市九龙坡区档案局爱国主义教育基地项目工程合同,,九龙坡区档案局,重庆点至科技有限公司,其他未列明建筑业,18.95416,coordination,0.6666666666666666,"关键词匹配(E:0,C:2,P:1)"
2013,大修施工合同,,九龙坡区档案局,武汉浩坤建设有限公司,其他未列明建筑业,18.21,coordination,0.75,"关键词匹配(E:0,C:1,P:0)"
2013,汽车销售合同,,九龙坡区档案局,重庆商社汽车贸易有限公司飞跃分公司,其他道路运输辅助活动,14.98,coordination,0.1,默认分类（通用政府采购）
2013,重庆市九龙坡区档案局爱国主义教育基地灯饰工程合同,,九龙坡区档案局,重庆点至科技有限公司,其他未列明建筑业,4.32744,coordination,0.6666666666666666,"关键词匹配(E:0,C:2,P:1)"
2013,热水系统,,重庆铁路中学,重庆同泽冷暖设备有限公司,热力生产和供应,92.0,coordination,0.1,默认分类（通用政府采购）
2013,13A1034项目合同,,重庆铁路中学,重庆四通都成科技发展有限公司,信息系统集成服务,506.133489,coordination,0.1,默认分类（通用政府采购）
2013,材料采购合同,,石桥铺街道社区卫生服务中心,重庆顺合电子科技有限公司,卫生和社会工作,18.3,compliance,0.6666666666666666,"关键词匹配(E:0,C:0,P:0)"
2013,格力空调,,九龙坡区职业教育中心(中梁山矿务学校),重庆市义茂利制冷设备有限公司,中等职业学校教育,63.5002,compliance,0.6666666666666666,"关键词匹配(E:0,C:0,P:0)"
2013,电（扶）梯购销安装,,九龙坡区职业教育中心(中梁山矿务学校),重庆东森电梯有限公司,中等职业学校教育,17.2,compliance,0.6666666666666666,"关键词匹配(E:0,C:0,P:0)"
2013,格力空调,,九龙坡区职业教育中心(中梁山矿务学校),重庆市义茂利制冷设备有限公司,中等职业学校教育,3.6501,compliance,0.6666666666666666,"关键词匹配(E:0,C:0,P:0)"
2013,数控车床维修平台,,九龙坡区职业教育中心(中梁山矿务学校),浙江天煌科技实业有限公司,中等职业学校教育,79.83,compliance,0.5,"关键词匹配(E:0,C:1,P:0)"
2013,电梯设备,,九龙坡区职业教育中心(中梁山矿务学校),重庆东森电梯有限公司,中等职业学校教育,59.3,compliance,0.5,"关键词匹配(E:0,C:1,P:0)"
2013,九龙坡区实验幼儿园采购绞切机合同,,九龙坡区实验幼儿园,重庆康益酒店设备有限公司,日用家电设备零售,0.445,compliance,0.5,"关键词匹配(E:0,C:0,P:1)"
2013,九龙坡区实验幼儿园定制画册合同,,九龙坡区实验幼儿园,重庆智睿图文设计有限公司,其他出版业,2.87,compliance,0.5,"关键词匹配(E:0,C:0,P:1)"
2013,九龙坡区实验幼儿园采购户外音响设备合同,,九龙坡区实验幼儿园,渝中区锐声音响设备商行,音响设备制造,2.09,coordination,0.3333333333333333,"关键词匹配(E:0,C:1,P:1)"
2013,汽车设备等竞争性谈判,,九龙坡区职业教育中心(中梁山矿务学校),重庆国利汽车维修设备有限公司,中等职业学校教育,64.38,compliance,0.5,"关键词匹配(E:0,C:1,P:0)"
2013,会计软件,,九龙坡区职业教育中心(中梁山矿务学校),广州市福思特科技有限公司,中等职业学校教育,18.0,compliance,0.5,"关键词匹配(E:1,C:0,P:0)"
2013,冷暖柜机,,九龙坡区职业教育中心(中梁山矿务学校),重庆腾丰电器有限公司,中等职业学校教育,7.527,compliance,0.6666666666666666,"关键词匹配(E:0,C:0,P:0)"
2013,印刷机,,九龙坡区职业教育中心(中梁山矿务学校),重庆前锋科技有限公司,中等职业学校教育,1.7,compliance,0.5,"关键词匹配(E:0,C:1,P:0)"
2013,监控设备,,九龙坡区职业教育中心(中梁山矿务学校),重庆南电科技有限公司,中等职业学校教育,28.3,compliance,0.6,"关键词匹配(E:0,C:1,P:1)"
2013,格力空调,,九龙坡区职业教育中心(中梁山矿务学校),重庆佳古格力电器设备销售有限公司,中等职业学校教育,53.9172,compliance,0.6666666666666666,"关键词匹配(E:0,C:0,P:0)"
2013,IP广播设备,,九龙坡区职业教育中心(中梁山矿务学校),重庆四通都成科技发展有限公司,中等职业学校教育,67.158,compliance,0.5,"关键词匹配(E:0,C:1,P:0)"
2013,机房设备,,九龙坡区职业教育中心(中梁山矿务学校),重庆鑫满科技发展有限公司,中等职业学校教育,99.8,compliance,0.5,"关键词匹配(E:0,C:1,P:0)"
2013,机电设备,,九龙坡区职业教育中心(中梁山矿务学校),重庆英卡机电设备有限公司,中等职业学校教育,72.0,compliance,0.5,"关键词匹配(E:0,C:1,P:0)"
2013,学生课桌椅,,九龙坡区职业教育中心(中梁山矿务学校),重庆市林宝家具有限公司,中等职业学校教育,12.48,compliance,0.6666666666666666,"关键词匹配(E:0,C:0,P:0)"
2013,办公桌凳柜,,九龙坡区职业教育中心(中梁山矿务学校),重庆市正萌教学设备有限公司,中等职业学校教育,2.317,compliance,0.5,"关键词匹配(E:0,C:1,P:0)"
2013,数控软件,,九龙坡区职业教育中心(中梁山矿务学校),上海宇龙软件工程有限公司,中等职业学校教育,7.9,compliance,0.6666666666666666,"关键词匹配(E:0,C:0,P:0)"
2013,电脑机房设备,,九龙坡区职业教育中心(中梁山矿务学校),重庆朗帝动利科技发展有限公司,中等职业学校教育,14.914,compliance,0.5,"关键词匹配(E:0,C:1,P:0)"
2013,电脑设备,,九龙坡区职业教育中心(中梁山矿务学校),重庆骏派商贸有限公司,中等职业学校教育,260.985,compliance,0.5,"关键词匹配(E:0,C:1,P:0)"
2013,音箱设备,,九龙坡区职业教育中心(中梁山矿务学校),重庆前锋科技有限公司,中等职业学校教育,24.7929,compliance,0.5,"关键词匹配(E:0,C:1,P:0)"
2013,汽车运用与维修专业设备,,九龙坡区职业教育中心(中梁山矿务学校),重庆韬益商贸有限责任公司,中等职业学校教育,25.0,coordination,0.4,"关键词匹配(E:0,C:2,P:0)"
2013,音响设备,,九龙坡区职业教育中心(中梁山矿务学校),重庆前锋科技有限公司,中等职业学校教育,24.7929,compliance,0.5,"关键词匹配(E:0,C:1,P:0)"
2013,会议桌椅,,九龙坡区职业教育中心(中梁山矿务学校),重庆市正萌教学设备有限公司,中等职业学校教育,3.0,compliance,0.5,"关键词匹配(E:0,C:1,P:0)"
2013,T3教学软件,,九龙坡区职业教育中心(中梁山矿务学校),重庆松涛科技有限公司,中等职业学校教育,4.5,compliance,0.75,"关键词匹配(E:0,C:0,P:1)"
2013,购销合同,,区驿都实验学校(区白市驿镇一小),重庆金田厨具工程有限公司,金属制厨房用器具制造,2.0,coordination,0.1,默认分类（通用政府采购）
2013,重庆市政府采购货物购销合同,,区驿都实验学校(区白市驿镇一小),重庆高锦方联科技有限公司(黄亮-86155929-...,其他电子设备制造,0.314,coordination,0.1,默认分类（通用政府采购）
2013,课桌凳,,九龙坡区和平小学,重庆市正萌教学设备有限公司,普通小学教育,,compliance,0.6666666666666666,"关键词匹配(E:0,C:0,P:0)"
2013,空调购买,,九龙坡区和平小学,重庆同联机电设备安装工程有限公司,普通小学教育,,compliance,0.6666666666666666,"关键词匹配(E:0,C:0,P:0)"
2013,阅览室家具,,九龙坡区和平小学,重庆市澜林教学设备有限公司,普通小学教育,,compliance,0.5,"关键词匹配(E:0,C:1,P:0)"
2013,含谷小学合唱台采购合同,,九龙坡区含谷镇小学,东莞市万江龙飞舞台设备厂,普通小学教育,,compliance,0.6666666666666666,"关键词匹配(E:0,C:0,P:0)"
2013,含谷小学课桌椅采购合同,,九龙坡区含谷镇小学,重庆鑫茂教学设备有限公司,普通小学教育,,compliance,0.6666666666666666,"关键词匹配(E:0,C:0,P:0)"
2013,华龙家园、华福家园廉租房智能化系统（含监控、停车场、门禁系统）合同,,九龙坡区房屋管理局,重庆祥腾科技发展有限公司,计算机、软件及辅助设备零售,54.8,compliance,0.5,"关键词匹配(E:0,C:0,P:1)"
2013,课桌凳采购,,重庆市人和中学（重庆电机厂子弟学校）,重庆聚宝教学设备有限公司,家具制造业,9.7,coordination,0.1,默认分类（通用政府采购）
2013,音响,,中共重庆市九龙坡区委老干部局,渝中区锐声音响设备商行,音响设备制造,0.75,coordination,0.1,默认分类（通用政府采购）
2013,课桌凳,,九龙坡区新凤小学校,江津区几江云辉丽都剑桥家具厂,普通小学教育,4.8,compliance,0.6666666666666666,"关键词匹配(E:0,C:0,P:0)"
2013,重庆市政府采购购销合同,,重庆市渝西中学,重庆东洋锅炉有限公司,其他未列明餐饮业,,coordination,0.1,默认分类（通用政府采购）
2013,合同,,九龙坡区共和小学,成都南方家俱有限公司,制造业,0.17,coordination,0.1,默认分类（通用政府采购）
2013,合同,,九龙坡区共和小学,沙坪坝区森达家具厂,木质家具制造,1.288,coordination,0.1,默认分类（通用政府采购）
2013,国家统计局浦城调查队尼康D7000套机(18-105mm)采购合同,,国家统计局浦城调查队,广州市恒锵数码产品有限公司,公共管理、社会保障和社会组织,,compliance,0.6666666666666666,"关键词匹配(E:0,C:0,P:0)"
2013,二圣镇中心学校食堂和门卫室电改造合同,,二圣中心学校,重庆西江建设（集团）有限公司,建筑业,2.99,coordination,0.6,"关键词匹配(E:0,C:1,P:1)"
2013,北碚区华光小学图书采购合同,,重庆市北碚区华光小学,重庆新华传媒有限公司北碚新华书店,教育,2.49339,compliance,0.75,"关键词匹配(E:0,C:0,P:1)"
2013,采购电脑,,兰桥镇,秀山柯龙数码科技有限公司,计算机、软件及辅助设备零售,0.856,coordination,0.1,默认分类（通用政府采购）
2013,教室、实验室、功能室设备追加,,重庆市北碚区状元小学,重庆商社信息科技有限公司,制造业,2.932,coordination,0.3333333333333333,"关键词匹配(E:0,C:1,P:1)"
2013,采购离子色谱仪,,重庆市北碚区疾控中心,重庆迈克科技公司,制造业,53.5,coordination,0.1,默认分类（通用政府采购）
2013,重庆市北碚区云政务(一期)项目监理,,重庆市北碚区信息中心,重庆联盛建设项目管理有限公司,居民服务、修理和其他服务业,26.9,coordination,0.5,"关键词匹配(E:0,C:1,P:0)"
2013,全区体育健身路径维护,,九龙坡区体育局,重庆广亚体育设备制造有限公司,居民服务、修理和其他服务业,19.59,compliance,0.6666666666666666,"关键词匹配(E:0,C:0,P:2)"
2013,公共场所创卫物资采购,,重庆市九龙坡区卫生健康综合行政执法支队,重庆祥福广告有限责任公司,制造业,13.521,coordination,0.1,默认分类（通用政府采购）
2013,C区电力增容,,重庆市九龙坡区人民医院,重庆拓展电力工程勘察设计有限公司,制造业,1.4,coordination,0.5,"关键词匹配(E:0,C:1,P:0)"
2013,电消毒锅,,重庆市九龙坡区人民医院,山东新华医疗器械有限公司,制造业,30.0,coordination,0.1,默认分类（通用政府采购）
2013,全区体育健身器材采购,,九龙坡区体育局,九龙坡区凯锐特体育器材厂,制造业,7.119,compliance,0.6666666666666666,"关键词匹配(E:0,C:0,P:2)"
2013,传染病防治创卫物资采购,,重庆市九龙坡区卫生健康综合行政执法支队,重庆祥福广告有限责任公司,居民服务、修理和其他服务业,14.95,coordination,0.1,默认分类（通用政府采购）
2013,全区体育健身路径维护,,九龙坡区体育局,重庆广亚体育设备制造有限公司,居民服务、修理和其他服务业,19.792,compliance,0.6666666666666666,"关键词匹配(E:0,C:0,P:2)"
2013,完善国家农村义务教育薄弱学校改造市级项目“班班通”教室采购合同,无,重庆市綦江区教育信息技术与装备中心,綦江县互利电脑维修站,,6.7733,compliance,0.5,"关键词匹配(E:0,C:1,P:2)"
2013,环境应急设备采购合同,仪器设备,重庆市荣昌区环境保护局,重庆珍枫堂商贸有限公司,,4.6,coordination,0.4,"关键词匹配(E:0,C:2,P:2)"
2013,大湾电站增效扩容改造采购合同,电力电缆,重庆市万盛经济技术开发区水务局,重庆市南方阻燃电线电缆厂,,7.56757,coordination,0.6666666666666666,"关键词匹配(E:0,C:2,P:0)"
2013,博物馆布展装饰工程,布展装饰工程,黑龙江中医药大学,黑龙江华鼎建筑集团有限公司,,530.240188,coordination,0.8,"关键词匹配(E:0,C:4,P:0)"
2013,和田地区墨玉县城镇垃圾收集清运系统建设项目的合同,和田地区墨玉县城镇垃圾收集清运系统建设项目,和田地区生态环境局墨玉县分局,濮阳市嘉得机械设备有限公司,,,coordination,0.4,"关键词匹配(E:0,C:2,P:2)"
2013,1,1,鹤岗市南山区住房和建设局,鹤岗市卓信人力资源外包服务有限公司,,0.51,coordination,0.1,默认分类（通用政府采购）
2013,团结幼儿园新光幼儿园建设项目监理,团结幼儿园新光幼儿园建设项目监理,包头市昆都仑区教育局,内蒙古星元建设监理有限公司,,29.205,coordination,0.8,"关键词匹配(E:0,C:4,P:0)"
2013,浦城县梦笔喜马拉雅有声图书馆（浦城县全民阅读城市书房二期）项目,音频节目制作和播控设备,浦城县图书馆,润物有声（福州）文化科技有限公司,,192.2175,compliance,0.5,"关键词匹配(E:0,C:1,P:2)"
2013,公务用车定点加油情况说明,车辆加油、添加燃料服务,四川省农业科学院遥感与数字农业研究所,中国石化销售股份有限公司四川成都石油分公司,,0.8,coordination,0.5,"关键词匹配(E:0,C:1,P:0)"
2013,科左中旗政务服务中心聘用第三方专业机构服务,科左中旗政务服务中心聘用第三方专业机构服务,科尔沁左翼中旗政务服务局,北京思源同创科技有限责任公司,,164.42,coordination,0.1,默认分类（通用政府采购）
2013,河日木特村现代化养牛及棚舍建设养殖项目,河日木特村现代化养牛及棚舍建设养殖项目,霍林郭勒市达来胡硕苏木,霍林郭勒市利民建筑安装有限责任公司,,280.8135,coordination,0.6666666666666666,"关键词匹配(E:0,C:2,P:0)"
2013,江门市公安局视频综合应用平台建设合同（补录）,江门市公安局视频综合应用平台建设项目,江门市公安局,广东仟张信息技术有限公司,,198.68,coordination,0.4,"关键词匹配(E:0,C:2,P:2)"
2013,晋中学院新校区施工合同,工程,晋中学院,山西金环涂装有限公司,,,coordination,0.6666666666666666,"关键词匹配(E:0,C:2,P:0)"
2013,佛山市南海区医院管理中心互联网接入服务定点议价采购合同,网络接入服务,佛山市南海区医院管理中心,中国移动通信集团广东有限公司佛山分公司,,0.48,coordination,0.5,"关键词匹配(E:0,C:2,P:1)"
2013,广东省惠州市博罗县龙华镇卫生院审计服务定点议价采购合同,审计服务,广东省惠州市博罗县龙华镇卫生院,惠州市天泓会计师事务所（普通合伙）,,0.8,extractive,0.5,"关键词匹配(E:2,C:0,P:1)"
2013,太原理工大学新校区图书馆主体施工工程,工程尾款,太原理工大学,中铁十二局集团建筑安装工程有限公司,,,coordination,0.6,"关键词匹配(E:0,C:3,P:1)"
2013,兰州市外国语高级中学2023年学校物业服务采购项目,学校物业服务,兰州市外国语高级中学,甘肃天翔物业管理有限责任公司,,70.8158,compliance,0.6666666666666666,"关键词匹配(E:0,C:0,P:2)"
2013,乐山市公路应急抢险中心改造项目,乐山市公路应急抢险中心改造项目,乐山市公路建设服务中心,四川云禧建筑工程有限公司,,161.251258,coordination,0.5714285714285714,"关键词匹配(E:0,C:4,P:2)"
2013,采购合同,A4黑白打印机,石棉县永和乡人民政府,石棉县嘉诚科技经营部,,0.11,coordination,0.5,"关键词匹配(E:0,C:1,P:0)"
2014,政府采购合同,,徽县环境保护局,成都新红鹰家具有限公司,租赁和商务服务业,218130.0,coordination,0.6666666666666666,"关键词匹配(E:0,C:0,P:0)"
2014,合同书,,徽县教育局,甘肃晨熙实验器材有限公司,教育,2966400.0,compliance,0.6666666666666666,"关键词匹配(E:0,C:0,P:0)"
2014,徽县教育局2014年改薄设备采购合同,,徽县教育局,天水兴龙电子有限公司,教育,3099600.0,compliance,0.6,"关键词匹配(E:0,C:1,P:1)"
2014,酒泉市公安局交通警察支队高速一大队营房改造及车管所卫生间改造采购项目,,酒泉市公安局交通警察支队,酒泉市鹏程建筑工程有限公司,房屋建筑业,59.77,coordination,0.625,"关键词匹配(E:0,C:3,P:2)"
2014,康县茶叶科技开发中心科技富民强县采购项目（第二包）,,康县茶叶科技开发中心,陕西泓亚商贸有限公司,农、林、牧、渔业,79900.0,coordination,0.1,默认分类（通用政府采购）
2014,陇南市实验小学人造草坪运动场采购项目,,陇南市实验小学,扬州云飞教学设备有限公司,教育,0.0,compliance,0.8,"关键词匹配(E:0,C:0,P:2)"
2014,现址临时专线,,中央电视台,中国有限电视网络有限公司,文化、体育和娱乐业,5.4,coordination,0.1,默认分类（通用政府采购）
2014,望远镜机械系统,,中国科学院上海天文台,中科院南京耐尔思光电仪器有限公司,制造业,75.0,coordination,0.1,默认分类（通用政府采购）
2014,EMC屏蔽系统和微波吸收材料,,中国科学院上海天文台,常州雷宁电磁屏蔽设备有限公司,制造业,112.0,coordination,0.1,默认分类（通用政府采购）
2014,望远镜发射接收光学系统：激光器,,中国科学院上海天文台,大恒新纪元科技股份有限公司,制造业,75.0,coordination,0.1,默认分类（通用政府采购）
2014,吉林省国家税务局国际税多功能一体机,,国家税务总局,吉林省华威惠通科技有限公司,批发和零售业,0.85,extractive,0.5,"关键词匹配(E:1,C:0,P:0)"
2014,国税系统批量集中采购合同,,龙州县国家税务总局,北京联盛瀚海科技有限公司,批发和零售业,1.17,coordination,0.1,默认分类（通用政府采购）
2014,湖北省孝感市国家税务局A3打印机采购合同,,湖北省孝感市国家税务局,北京联盛瀚海科技有限公司,公共管理、社会保障和社会组织,0.39,compliance,0.4,"关键词匹配(E:1,C:1,P:0)"
2014,湖北省孝感市国家税务局网络存储采购合同,,湖北省孝感市国家税务局,武汉联创电脑有限公司,公共管理、社会保障和社会组织,19.3,compliance,0.4,"关键词匹配(E:1,C:1,P:0)"
2014,湖北省孝感市国家税务局服务器采购合同,,湖北省孝感市国家税务局,武汉联创电脑有限公司,公共管理、社会保障和社会组织,28.5,compliance,0.5,"关键词匹配(E:1,C:0,P:0)"
2014,标校天线组件-发射天线,,中国科学院上海天文台,北京齐天昆仑微波测控技术有限公司,制造业,66.0,coordination,0.1,默认分类（通用政府采购）
2014,云南省昆明市盘龙区国家税务局2015年度汽车维修和保养服务采购合同,,云南省昆明市盘龙区国家税务局,昆明全凯汽车服务有限公司,汽车修理与维护,15.0,extractive,0.3333333333333333,"关键词匹配(E:1,C:1,P:0)"
2014,技术服务合同,,松辽水利委员会察尔森水库管理局,吉林松辽水利水电咨询有限责任公司,水利、环境和公共设施管理业,5.91,coordination,0.1,默认分类（通用政府采购）
2014,沂沭泗局直管重点工程监控及自动控制系统项目建设承包合同,,沂沭泗水利管理局水情通信中心,中国普天信息产业股份有限公司,水利、环境和公共设施管理业,1911.989,coordination,0.5,"关键词匹配(E:0,C:2,P:1)"
2014,模型黄河试验基地综合试验楼修缮,,黄河水利委员会黄河水利科学研究院,河南省康泰建筑工程有限公司,农、林、牧、渔业,167.67,coordination,0.5,"关键词匹配(E:0,C:1,P:0)"
2014,黄河托克托以下重点区域GPS控制网测量,,黄河水利委员会移民局,黄河勘测规划设计有限公司,水利、环境和公共设施管理业,600.0,coordination,0.1,默认分类（通用政府采购）
2014,全国水利发展“十三五”规划,,黄河水利委员会移民局,黄河勘测规划设计有限公司,水利、环境和公共设施管理业,83.0,coordination,0.6666666666666666,"关键词匹配(E:0,C:2,P:0)"
2014,庆阳市西峰区显胜乡毛寺村居民小区太阳能路灯及庭院灯安装工程项目政府采购合同,,庆阳市西峰区显胜乡人民政府,供应商名称,农业,31.5572,coordination,0.5,"关键词匹配(E:0,C:1,P:0)"
2014,黄河流域泥沙成果研究修订,,黄河水利委员会移民局,黄河勘测规划设计有限公司,水利、环境和公共设施管理业,600.0,coordination,0.1,默认分类（通用政府采购）
2014,采购合同书,,腾冲出入境检验检疫局,云南金运通泰商贸有限公司,租赁和商务服务业,1.18,coordination,0.6666666666666666,"关键词匹配(E:0,C:0,P:0)"
2014,采购合同书,,中华人民共和国勐腊出入境检验检疫局,昆明纳瑞科技有限公司,行政监督检查机构,14.32,coordination,0.1,默认分类（通用政府采购）
2014,水旱灾害监测业务子系统和高分水利基础空间数据库建设与更新子系统开发,,水利部水利信息中心,北京吉威数源信息技术有限公司,水利、环境和公共设施管理业,226.0,coordination,0.6666666666666666,"关键词匹配(E:0,C:2,P:0)"
2014,采购合同书,,腾冲出入境检验检疫局,江苏健威有害生物防治技术服务有限公司,农、林、牧、渔业,4.69,coordination,0.1,默认分类（通用政府采购）
2014,水资源监测评价和管理子系统开发,,水利部水利信息中心,北京航天宏图信息技术有限责任公司,水利、环境和公共设施管理业,210.0,extractive,0.3333333333333333,"关键词匹配(E:1,C:1,P:0)"
2014,水土保持监测与评价业务子系统开发,,水利部水利信息中心,北京地拓科技发展有限公司,水利、环境和公共设施管理业,128.4,coordination,0.1,默认分类（通用政府采购）
2014,安徽省林业有害生物防治检疫局GPS采购,,安徽省林业有害生物防治检疫局,合肥达捷测绘导航科技有限公司,农、林、牧、渔业,10.9,coordination,0.1,默认分类（通用政府采购）
2014,酒泉市S214额济纳旗至酒泉公路肃州至金塔段公路改建工程可行性研究报告编制项目,,酒泉市交通运输局,供应商名称,农业,44.8,coordination,0.75,"关键词匹配(E:0,C:3,P:0)"
2014,进口货物技术协议,,中国科学院遥感与数字地球研究所,北京欧普特科技有限公司,信息传输、软件和信息技术服务业,73.56,coordination,0.6666666666666666,"关键词匹配(E:0,C:0,P:0)"
2014,技术开发（委托）合同,,中国科学院遥感与数字地球研究所,航天恒星科技有限公司,信息传输、软件和信息技术服务业,2730.0,coordination,0.6666666666666666,"关键词匹配(E:0,C:0,P:0)"
2014,中央单位批量集中采购简易合同,,中央国家机关政府采购中心,上海震旦办公自动化销售有限公司,信息传输、软件和信息技术服务业,0.958,coordination,0.6666666666666666,"关键词匹配(E:0,C:0,P:0)"
2014,中央单位批量集中采购简易合同,,中央国家机关政府采购中心,北京科尔沁科贸有限责任公司,信息传输、软件和信息技术服务业,0.4316,coordination,0.6666666666666666,"关键词匹配(E:0,C:0,P:0)"
2014,中央单位批量集中采购简易合同,,中央国家机关政府采购中心,上海震旦办公自动化销售有限公司,信息传输、软件和信息技术服务业,0.958,coordination,0.6666666666666666,"关键词匹配(E:0,C:0,P:0)"
2014,安徽中医药大学图书资料采购第14包：中文图书,,安徽中医药大学,湖北三新文化传媒有限公司,农、林、牧、渔业,66.5,compliance,0.75,"关键词匹配(E:0,C:0,P:3)"
2014,近场综合测量系统,,中国科学院上海天文台,上海韦届特机电科技有限公司,制造业,75.5,coordination,0.1,默认分类（通用政府采购）
2014,安徽省本级森林防火物资储备第3包,,安徽省林业厅,合肥全创电子科技有限公司,农、林、牧、渔业,103.81,coordination,0.1,默认分类（通用政府采购）
2014,合肥滨湖新区牛角大圩农村环境连片综合整治—农村生活垃圾收集与清运工程设备采购第1包,,合肥印象包河旅游开发管理有限公司,劲旅环境科技有限公司,农、林、牧、渔业,25.041,coordination,0.4,"关键词匹配(E:0,C:2,P:2)"
2014,甘肃省第三人民医院腹腔镜等医疗设备采购项目合同书,,甘肃省第三人民医院,甘肃瑞欣医疗科技有限公司,卫生和社会工作,177.2,compliance,0.6666666666666666,"关键词匹配(E:0,C:1,P:2)"
2014,凉州区2015年旱作物农业起垄覆膜农机具采购项目,,凉州区农业技术推广中心,甘肃洮河拖拉机制造有限公司,拖拉机制造,28.664,coordination,0.1,默认分类（通用政府采购）
2014,安徽大学中外文纸质图书第1包,,安徽大学,湖北三新文化传媒有限公司,农、林、牧、渔业,43.0,compliance,0.5,"关键词匹配(E:0,C:0,P:1)"
2014,凉州区2015年吴家井高标准农田建设工程项目三包,,凉州区农业综合开发办公室,酒泉加银水电工程有限公司,提供施工设备服务,337.0929,coordination,0.6666666666666666,"关键词匹配(E:0,C:2,P:0)"
2014,建发（上海）有限公司进口合同,,中国科学院上海药物研究所,Jiangweninternationaltr...,科学研究和技术服务业,,coordination,0.1,默认分类（通用政府采购）
2014,2.4米望远镜配置IFU,,中国科学院上海天文台,美国德克萨斯大学,科学研究和技术服务业,700.0,coordination,0.1,默认分类（通用政府采购）
2014,安徽大学艺术与传媒学院图书、教学设备采购第1包,,安徽大学艺术与传媒学院,安徽新华传媒股份有限公司,农、林、牧、渔业,45.0,compliance,0.5,"关键词匹配(E:0,C:1,P:2)"
2014,合肥市庐阳区和瑶海区基层医疗机构联合体药品带量采购配送企业服务第6包,,合肥市庐阳区卫生和计划生育局、合肥市瑶海区卫生局,合肥亿帆生物医药有限公司,农、林、牧、渔业,130.35,compliance,0.6666666666666666,"关键词匹配(E:0,C:0,P:2)"
2014,S105合马路路面大修工程监理,,合肥市公路管理局（合肥市公路路政支队）,济南市建设监理有限公司,农、林、牧、渔业,51.0,coordination,0.6666666666666666,"关键词匹配(E:0,C:2,P:0)"
2014,庐阳区2015-2017年度常用办公家具定点单位,,合肥市庐阳区财政局,合肥琥珀家具有限责任公司,农、林、牧、渔业,4.314,coordination,0.6666666666666666,"关键词匹配(E:0,C:2,P:0)"
2014,甘肃省统计局甘肃省统计地理信息系统二期项目合同协议书,,甘肃省统计局,甘肃丰泽汇信息科技有限公司,信息传输、软件和信息技术服务业,242.7,coordination,0.6666666666666666,"关键词匹配(E:0,C:0,P:0)"
2014,合肥市轨道交通2号线火灾自动报警系统及气体灭火系统集成,,合肥城市轨道交通有限公司,太通建设有限公司,农、林、牧、渔业,7098.08,coordination,0.5,"关键词匹配(E:0,C:1,P:0)"
2014,庐阳工业区荣城南苑二期绿色建筑设计,,合肥庐阳工业区建设投资有限公司,中铁合肥建筑市政工程设计研究院有限公司,农、林、牧、渔业,18.0,coordination,0.5,"关键词匹配(E:0,C:1,P:0)"
2014,合肥市新站区2015支网（天网新站支网）视频监控系统工程监理,,合肥新创投资控股有限公司,合肥信息工程监理咨询有限公司,农、林、牧、渔业,52.88,coordination,0.5,"关键词匹配(E:0,C:2,P:1)"
2014,瑶海区文化艺术中心和公共卫生中心锅炉设备采购安装,,合肥市瑶海区城建投资有限公司,安阳市福士德锅炉有限责任公司,农、林、牧、渔业,57.8,coordination,0.3333333333333333,"关键词匹配(E:0,C:1,P:1)"
2014,合肥高新区创新产业园D8众创空间家具采购,,合肥高新创业园管理有限公司,合肥琥珀家具有限责任公司,农、林、牧、渔业,57.6415,coordination,0.5,"关键词匹配(E:0,C:1,P:0)"
2014,合肥市重点工程建设管理局建设资金托管银行战略合作招标,,合肥市重点工程建设管理局,合肥科技农村商业银行股份有限公司,农、林、牧、渔业,0.0,coordination,0.5714285714285714,"关键词匹配(E:2,C:4,P:0)"
2014,西南出口西延工程监理,,合肥市重点工程建设管理局,上海三维工程建设咨询有限公司,农、林、牧、渔业,45.08,coordination,0.6666666666666666,"关键词匹配(E:0,C:2,P:0)"
2014,兰州大学第一医院脉动压力蒸汽灭菌器、全自动快速器械清洗消毒机、超声光散射乳腺成像系统医疗设备采购项目购销合同,,兰州大学第一医院,甘肃瀚诚鑫浩商贸有限公司,卫生和社会工作,39.7,compliance,0.6666666666666666,"关键词匹配(E:0,C:1,P:2)"
2014,庆阳市卫生计生委综合监督执法局所需设备,,庆阳市卫生计生委综合监督执法局,庆阳亿洋商贸有限公司,家用电器及电子产品专门零售,12.668,compliance,0.5,"关键词匹配(E:0,C:1,P:2)"
2014,酒泉职业技术学院建设信息管理及网络考试系统采购项目,,酒泉职业技术学院,酒泉市易通联合科贸有限责任公司,其他未列明信息技术服务业,107.969,coordination,0.75,"关键词匹配(E:0,C:3,P:0)"
2014,包7：X波段测波雷达系统,,舟山市海洋环境监测预报中心,武汉浩谱海洋探测系统有限公司,海洋服务,648000.0,coordination,0.1,默认分类（通用政府采购）
2014,普陀区2014年未纳管污染源改造工程（二标段）施工总承包合同,,上海市普陀区市政管理中心,上海新杨建设工程有限公司,暂无,823.7367,coordination,0.6,"关键词匹配(E:0,C:3,P:1)"
2014,南大路（红柳路-区界）雨污水管道改造及道路大修工程施工总承包合同,,上海市普陀区市政管理中心,上海普陀市政工程有限公司,暂无,680.5868,coordination,0.8,"关键词匹配(E:0,C:4,P:0)"
2014,金沙江路（大渡河路-中山北路）大修及沿线环境整治工程施工总承包合同,,上海市普陀区市政管理中心,上海普陀市政建设养护有限公司,暂无,2664.5225,coordination,0.5,"关键词匹配(E:0,C:2,P:1)"
2014,北石路（铜川路-大渡河路）大修工程施工总承包合同,,上海市普陀区市政管理中心,上海普陀市政工程有限公司,暂无,858.0168,coordination,0.6666666666666666,"关键词匹配(E:0,C:2,P:0)"
2014,普陀区环境信息化建设项目（一）,,普陀区环保局,上海长江计算机有限公司,暂无,659.5,coordination,0.5,"关键词匹配(E:0,C:2,P:1)"
2014,音响系统,,龙市中学,渝北区航广电子经营部,教育,2.6358,compliance,0.6666666666666666,"关键词匹配(E:0,C:0,P:0)"
2014,学生课桌凳,,龙市中学,重庆市林宝家具有限公司,教育,4.935,compliance,0.6666666666666666,"关键词匹配(E:0,C:0,P:0)"
2014,合阳中学推拉黑板采购合同,,合阳中学,重庆市合川区荣丰科技有限公司,普通初中教育,,compliance,0.6666666666666666,"关键词匹配(E:0,C:0,P:0)"
2014,合阳中学食堂设备采购合同,,合阳中学,合川区勇力酒店用品经营部,普通初中教育,,compliance,0.5,"关键词匹配(E:0,C:1,P:0)"
2014,宁夏广播电视总台传输发射中心发射机房制冷降温设备安装合同,,宁夏广播电视台传输发射中心,陕西天力地源热泵工程有限公司宁夏分公司,农、林、牧、渔业,24.145,coordination,0.5,"关键词匹配(E:0,C:1,P:0)"
2014,甘肃省人民医院医疗器械政府采购项目合同,,甘肃省人民医院,兰州正和医药有限责任公司,卫生和社会工作,39.596,compliance,0.8,"关键词匹配(E:0,C:0,P:2)"
2014,机房改造合同,,九龙坡区走马镇中学,九龙坡区中梁山鸿瑜办公设备厂,普通初中教育,2.24,compliance,0.5,"关键词匹配(E:0,C:1,P:0)"
2014,专用软件开发服务采购（GXKLC20163128-B）合同,,广西壮族自治区气象技术装备中心,北京思湃德信息技术有限公司,信息传输、软件和信息技术服务业,15.5,coordination,0.6666666666666666,"关键词匹配(E:0,C:0,P:0)"
2014,走马中学综合楼外立面改造工程,,九龙坡区走马镇中学,重庆永顺建筑安装工程有限公司,普通初中教育,49.5,coordination,0.4,"关键词匹配(E:0,C:2,P:0)"
2014,2014学校标准化建设卫生器材设施设备,,九龙坡区走马镇中学,重庆洋洋仪器设备有限公司,普通初中教育,0.3224,compliance,0.5714285714285714,"关键词匹配(E:0,C:2,P:2)"
2014,学校办公用计算机,,九龙坡区走马镇中学,重庆拓渠科贸有限公司,普通初中教育,0.5328,compliance,0.6,"关键词匹配(E:0,C:1,P:1)"
2014,2014学校标准化建设音乐设施设备,,九龙坡区走马镇中学,重庆洋洋仪器设备有限公司,普通初中教育,0.8668,compliance,0.5,"关键词匹配(E:0,C:2,P:1)"
2014,重庆市九龙坡区走马镇中学校园公共广播系统,,九龙坡区走马镇中学,重庆力求科技有限公司,普通初中教育,4.3,compliance,0.75,"关键词匹配(E:0,C:0,P:1)"
2014,2014学校标准化建设体育设施设备,,九龙坡区走马镇中学,重庆洋洋仪器设备有限公司,普通初中教育,0.081,compliance,0.5714285714285714,"关键词匹配(E:0,C:2,P:2)"
2014,学校办公用空调,,九龙坡区走马镇中学,重庆大方电器有限公司,普通初中教育,0.3225,compliance,0.6,"关键词匹配(E:0,C:1,P:1)"
2014,学校办公用数字相机,,九龙坡区走马镇中学,重庆灵丹科技有限公司,普通初中教育,0.145,compliance,0.6,"关键词匹配(E:0,C:1,P:1)"
2014,学校文件柜,,九龙坡区走马镇中学,九龙坡区中梁山鸿瑜办公设备厂,普通初中教育,0.438,compliance,0.75,"关键词匹配(E:0,C:0,P:1)"
2014,2014学校标准化建设美术设施设备,,九龙坡区走马镇中学,重庆洋洋仪器设备有限公司,普通初中教育,0.7687,compliance,0.5,"关键词匹配(E:0,C:2,P:1)"
2014,学校办公计算机,,九龙坡区走马镇中学,重庆拓渠科贸有限公司,普通初中教育,0.48684,compliance,0.6,"关键词匹配(E:0,C:1,P:1)"
2014,2014学校标准化建纸质图书,,九龙坡区走马镇中学,重庆瀚然文化传播有限公司,普通初中教育,2.7626,compliance,0.8,"关键词匹配(E:0,C:0,P:2)"
2014,学校教学用计算机,,九龙坡区走马镇中学,重庆拓渠科贸有限公司,普通初中教育,0.331,compliance,0.8,"关键词匹配(E:0,C:0,P:2)"
2014,2014学校标准化建设科技器材设施设备,,九龙坡区走马镇中学,重庆洋洋仪器设备有限公司,普通初中教育,4.1191,compliance,0.5,"关键词匹配(E:0,C:2,P:1)"
2014,2014学校标准化建设劳技器材设施设备,,九龙坡区走马镇中学,重庆洋洋仪器设备有限公司,普通初中教育,4.2491,compliance,0.5,"关键词匹配(E:0,C:2,P:1)"
2014,理科仪器设备,,九龙坡区走马镇中学,重庆洋洋仪器设备有限公司,普通初中教育,0.7251,compliance,0.5,"关键词匹配(E:0,C:1,P:0)"
2014,学校教学用电脑,,九龙坡区走马镇中学,重庆骏派商贸有限公司,普通初中教育,7.96,compliance,0.8,"关键词匹配(E:0,C:0,P:2)"
2014,重庆工商大学综合实训与文献信息中心相关项目全过程跟踪审计合同,,重庆工商大学,重庆市淇澳工程造价咨询有限公司,普通高等教育,12.0,compliance,0.6,"关键词匹配(E:1,C:0,P:1)"
2014,https://www.gec123.com,,九龙坡区走马镇中学,重庆大方电器有限公司,普通初中教育,0.72,compliance,0.6666666666666666,"关键词匹配(E:0,C:0,P:0)"
2014,凉州区西营镇人民政府杂沟村后续产业基地建设项目,,凉州区西营镇人民政府,武威浩源园林绿化工程也是责任公司分公司,林木育苗,16.488,coordination,0.3333333333333333,"关键词匹配(E:0,C:1,P:1)"
2014,兰州财经大学图书馆外文期刊采购项目供货合同,,兰州财经大学,中国教育图书进出口有限公司,批发和零售业,39.7,compliance,0.5,"关键词匹配(E:0,C:0,P:1)"
2014,趸船建造合同,,厦门航标处,上海江南造船厂,社会保障,542.6683,coordination,0.1,默认分类（通用政府采购）
2014,东海航海保障中心厦门航标处海巡1630轮发电机组及配电系统改造工程项目合同,,交通运输部东海航海保障中心厦门航标处,上海振远船务有限公司,社会保障,219.6679,coordination,0.6666666666666666,"关键词匹配(E:0,C:2,P:0)"
2014,博智楼等7栋楼建筑消防设施维修保养合同,,重庆工商大学,重庆渝鸥消防工程有限公司,普通高等教育,8.48,compliance,0.6,"关键词匹配(E:0,C:1,P:1)"
2014,重庆工商大学数据中心硬件采购与集成项目采购合同,,重庆工商大学,湖南长信畅中科技股份有限公司,普通高等教育,146.0,compliance,0.6666666666666666,"关键词匹配(E:0,C:0,P:0)"
2014,重庆工商大学数字艺术综合实验教学平台软件合同,,重庆工商大学,重庆黑格科技有限公司,普通高等教育,11.36,compliance,0.8,"关键词匹配(E:0,C:0,P:2)"
2014,成渝经济区产业发展促进中心数据中心集成项目合同,,重庆工商大学,重庆兆光科技股份有限公司,普通高等教育,99.6,compliance,0.6666666666666666,"关键词匹配(E:0,C:0,P:0)"
2014,重庆工商大学数字艺术综合实验教学平台摄影器材合同,,重庆工商大学,重庆黑格科技有限公司,普通高等教育,32.682,compliance,0.8,"关键词匹配(E:0,C:0,P:2)"
2014,重庆工商大学数字艺术综合实验教学平台仪器设备合同,,重庆工商大学,重庆黑格科技有限公司,普通高等教育,106.0,compliance,0.6666666666666666,"关键词匹配(E:0,C:1,P:2)"
2014,重庆工商大学废油中心仪器设备合同,,重庆工商大学,重庆卓金科技有限公司,普通高等教育,51.5,compliance,0.5,"关键词匹配(E:0,C:1,P:0)"
2014,重庆工商大学教学PPT翻页器合同,,重庆工商大学,重庆迅邦科技有限公司,普通高等教育,11.88,compliance,0.75,"关键词匹配(E:0,C:0,P:1)"
2014,重庆工商大学创新型会计人才协同培育实践教育基地教学设备合同,,重庆工商大学,重庆隆光科技有限公司,普通高等教育,25.465,compliance,0.5714285714285714,"关键词匹配(E:1,C:1,P:2)"
2014,重庆工商大学外文纸质图书供应商资格采购合同,,重庆工商大学,中国图书进出口（集团）总公司,普通高等教育,25.2,compliance,0.75,"关键词匹配(E:0,C:0,P:1)"
2014,重庆工商大学创新型会计人才协同培育实践教育基地软件合同,,重庆工商大学,重庆川广信息技术有限公司,普通高等教育,42.3,compliance,0.6,"关键词匹配(E:1,C:0,P:1)"
2014,重庆工商大学社会学省级重点学科建设项目软件合同,,重庆工商大学,北京商智通信息技术有限公司,普通高等教育,23.8,compliance,0.5,"关键词匹配(E:0,C:1,P:0)"
2014,重庆工商大学图书馆金盘管理系统升级合同,,重庆工商大学,北京金盘鹏图软件技术有限公司,普通高等教育,6.5,compliance,0.6,"关键词匹配(E:0,C:1,P:1)"
2014,重庆工商大学网站群系统建设项目合同,,重庆工商大学,重庆满阳科技有限公司,普通高等教育,18.0,compliance,0.5,"关键词匹配(E:0,C:1,P:0)"
2014,重庆工商大学图书馆非书资源管理系统合同,,重庆工商大学,广州联图电子科技有限公司,普通高等教育,5.0,compliance,0.5,"关键词匹配(E:1,C:1,P:1)"
2014,重庆工商大学数字艺术综合实验教学平台图形工作站合同,,重庆工商大学,重庆商达电脑科技有限责任公司,普通高等教育,22.223,compliance,0.8,"关键词匹配(E:0,C:0,P:2)"
2014,重庆工商大学经管中心教学软件项目（创业模拟实训教学软件）合同,,重庆工商大学,杭州贝腾科技有限公司,普通高等教育,17.55,compliance,0.8333333333333334,"关键词匹配(E:0,C:0,P:3)"
2014,重庆工商大学工商管理学科实验教学软件（包）4合同,,重庆工商大学,重庆智造科技有限公司,普通高等教育,3.5,compliance,0.6666666666666666,"关键词匹配(E:0,C:1,P:2)"
2014,重庆工商大学艺术学院实验教学设备（包）2合同,,重庆工商大学,重庆黑格科技有限公司,普通高等教育,10.14,compliance,0.6666666666666666,"关键词匹配(E:0,C:1,P:2)"
2014,重庆工商大学工商管理学科实验教学软件（包）2合同,,重庆工商大学,重庆金也科技有限公司,普通高等教育,26.8,compliance,0.6666666666666666,"关键词匹配(E:0,C:1,P:2)"
2014,重庆工商大学工商管理学科实验教学软件（包）1合同,,重庆工商大学,重庆金也科技有限公司,普通高等教育,20.8,compliance,0.6666666666666666,"关键词匹配(E:0,C:1,P:2)"
2014,重庆工商大学2014年音响系统建设项目（包）2合同,,重庆工商大学,重庆兆立电子有限公司,普通高等教育,24.5,compliance,0.5,"关键词匹配(E:0,C:1,P:0)"
2014,重庆工商大学学生公寓家具采购合同,,重庆工商大学,重庆民意家具制造有限公司,普通高等教育,192.9755,compliance,0.5,"关键词匹配(E:0,C:1,P:0)"
2014,重庆工商大学2014年音响系统建设项目（包）1合同,,重庆工商大学,重庆海源弱电系统工程有限公司,普通高等教育,17.5,compliance,0.5,"关键词匹配(E:0,C:1,P:0)"
2014,重庆工商大学艺术学院摄影器材类设备合同,,重庆工商大学,重庆旭达科技发展有限公司,普通高等教育,21.3,compliance,0.5,"关键词匹配(E:0,C:1,P:0)"
2014,重庆工商大学化学技术实验教学中心实验室安全设施建设项目合同,,重庆工商大学,重庆沪试实验仪器设备有限公司,普通高等教育,9.5,compliance,0.7142857142857143,"关键词匹配(E:0,C:1,P:3)"
2014,重庆工商大学数字语音实验室项目合同,,重庆工商大学,重庆龙驰科技发展有限公司,普通高等教育,98.07,compliance,0.75,"关键词匹配(E:0,C:0,P:1)"
2014,经管中心教学软件项目（国际贸易教学）（包）1、3合同,,重庆工商大学,四川智源翔科技发展有限公司,普通高等教育,7.4,compliance,0.8,"关键词匹配(E:0,C:0,P:2)"
2014,重庆工商大学课桌椅及办公家具合同,,重庆工商大学,重庆民意家具制造有限公司,普通高等教育,61.2,coordination,0.4,"关键词匹配(E:0,C:2,P:0)"
2014,重庆工商大学旅游国际化与智能化创新实践基地建设项目仪器设备（包）2合同,,重庆工商大学,重庆迪灿科技有限公司,普通高等教育,31.8,coordination,0.4,"关键词匹配(E:0,C:2,P:0)"
2014,重庆工商大学图书馆书架项目合同,,重庆工商大学,宁波邦达实业有限公司,普通高等教育,63.9,compliance,0.75,"关键词匹配(E:0,C:0,P:1)"
2014,重庆工商大学工商管理学科实验教学软件（包）3,,重庆工商大学,上海踏瑞计算机软件有限公司,普通高等教育,34.89,compliance,0.6666666666666666,"关键词匹配(E:0,C:1,P:2)"
2014,重庆工商大学网络高清传媒实验教学系统项目合同,,重庆工商大学,成都索贝数码科技股份有限公司,普通高等教育,137.0,compliance,0.6666666666666666,"关键词匹配(E:0,C:1,P:2)"
2014,重庆工商大学旅游国际化与智能化创新实践基地建设项目仪器设备（包）1合同,,重庆工商大学,徐州非凡信息科技有限公司,普通高等教育,12.48,coordination,0.4,"关键词匹配(E:0,C:2,P:0)"
2014,重庆工商大学弱电及监控系统建设项目合同,,重庆工商大学,重庆市行安电子科技有限公司,普通高等教育,15.8763,compliance,0.6,"关键词匹配(E:0,C:1,P:1)"
2014,重庆工商大学艺术学院实验教学设备（包）1合同,,重庆工商大学,重庆俊财机电有限公司,普通高等教育,14.8928,compliance,0.6666666666666666,"关键词匹配(E:0,C:1,P:2)"
2014,重庆工商大学中文纸质图书供应商资格招标（包）1合同,,重庆工商大学,浙江省新华书店集团馆藏图书有限公司,普通高等教育,45.0,compliance,0.75,"关键词匹配(E:0,C:0,P:1)"
2014,重庆工商大学电子商务及供应链系统实验室服务器及软件采购合同,,重庆工商大学,重庆创世电子有限公司,普通高等教育,46.76,compliance,0.75,"关键词匹配(E:0,C:0,P:1)"
2014,重庆工商大学中文纸质图书供应商资格招标（包）2合同,,重庆工商大学,北京人天书店有限公司,普通高等教育,30.0,compliance,0.75,"关键词匹配(E:0,C:0,P:1)"
2014,重庆工商大学经管中心教学软件项目（管理决策模拟教学软件）合同,,重庆工商大学,上海派金信息科技有限公司,普通高等教育,24.5,compliance,0.6666666666666666,"关键词匹配(E:0,C:1,P:2)"
2014,重庆工商大学经管中心教学软件项目（企业竞争模拟教学软件）合同,,重庆工商大学,北京金益博文科技有限公司,普通高等教育,23.95,compliance,0.8,"关键词匹配(E:0,C:0,P:2)"
2014,经管中心教学软件项目（国际贸易教学）,,重庆工商大学,上海恒源电子工程有限公司,普通高等教育,5.8,compliance,0.8,"关键词匹配(E:0,C:0,P:2)"
2014,重庆工商大学中文纸质图书供应商资格招标（包）1合同,,重庆工商大学,辽宁北方出版物配送有限公司,普通高等教育,45.0,compliance,0.75,"关键词匹配(E:0,C:0,P:1)"
2014,重庆工商大学电子商务及供应链系统实验室仪器设备采购合同,,重庆工商大学,重庆创世电子有限公司,普通高等教育,20.9,compliance,0.6,"关键词匹配(E:0,C:1,P:1)"
2014,重庆工商大学图书馆自建特色数据库（包）1合同,,重庆工商大学,北京国研数通软件技术有限公司,普通高等教育,103.0,compliance,0.75,"关键词匹配(E:0,C:0,P:1)"
2014,重庆工商大学人力资源管理及大学生就业管理系统项目合同,,重庆工商大学,普联软件股份有限公司,普通高等教育,15.8,coordination,0.3333333333333333,"关键词匹配(E:1,C:2,P:0)"
2014,重庆工商大学社会学省级重点学科建设项目仪器设备及软件（包）2合同,,重庆工商大学,重庆隆光科技有限公司,普通高等教育,29.225,coordination,0.4,"关键词匹配(E:0,C:2,P:0)"
2014,重庆工商大学社会学省级重点学科建设项目仪器设备及软件（包）1合同,,重庆工商大学,重庆隆光科技有限公司,普通高等教育,8.0,coordination,0.4,"关键词匹配(E:0,C:2,P:0)"
2014,重庆工商大学HS2维码产业和4维码产业数据采购合同,,重庆工商大学,北京中海通科技有限公司,普通高等教育,20.0,compliance,0.6666666666666666,"关键词匹配(E:0,C:0,P:0)"
2014,重庆工商大学江北校区网络改造项目合同,,重庆工商大学,重庆矗众信息科技有限公司,普通高等教育,5.7927,coordination,0.4,"关键词匹配(E:0,C:2,P:0)"
2014,重庆工商大学成渝经济区产业发展促进中心科研平台建设项目仪器设备采购合同,,重庆工商大学,重庆隆光科技有限公司,普通高等教育,12.7,coordination,0.4,"关键词匹配(E:0,C:2,P:0)"
2014,重庆工商大学社会学省级重点学科建设项目仪器设备及软件（包）3合同,,重庆工商大学,成都鑫睿隆科技有限公司,普通高等教育,13.9,coordination,0.4,"关键词匹配(E:0,C:2,P:0)"
2014,重庆工商大学教学课桌椅和办公家具（包）2合同,,重庆工商大学,重庆高端办公设备有限公司,普通高等教育,4.185,compliance,0.5,"关键词匹配(E:0,C:2,P:1)"
2014,重庆工商大学存储及DNS等网络设备采购合同,,重庆工商大学,湖南长信畅中科技股份有限公司,普通高等教育,187.368,coordination,0.4,"关键词匹配(E:0,C:2,P:0)"
2014,重庆工商大学图书馆自建特色数据库（包）2合同,,重庆工商大学,北京世纪超星信息技术发展有限责任公司,普通高等教育,25.0,compliance,0.75,"关键词匹配(E:0,C:0,P:1)"
2014,重庆工商大学教学课桌椅和办公家具（包）1合同,,重庆工商大学,重庆聚宝教学设备有限公司,普通高等教育,7.668,compliance,0.5,"关键词匹配(E:0,C:2,P:1)"
2014,海甸校区运动场修复工程施工合同,,海口市第二十五小学,海南第四建筑工程有限公司,建筑业,93.246547,coordination,0.6666666666666666,"关键词匹配(E:0,C:2,P:1)"
2014,矢量信号发生器,,中国科学院国家授时中心,KeysightTechnologiesSin...,自然科学研究和试验发展,78.0,coordination,0.1,默认分类（通用政府采购）
2014,宁波市农业科学研究院原子吸收光谱仪采购项目,,宁波市农业科学研究院,宁波高新区华宏电子有限公司,暂无,44.98,coordination,0.1,默认分类（通用政府采购）
2014,重庆工商大学数字艺术综合实验教学平台计算机询价采购合同,,重庆工商大学,重庆创世电子有限公司,普通高等教育,34.605,compliance,0.8,"关键词匹配(E:0,C:0,P:2)"
2014,重庆工商大学校园网络备用交换机和数据交换机合同,,重庆工商大学,重庆易倍科技有限公司,普通高等教育,14.28,compliance,0.6,"关键词匹配(E:0,C:1,P:1)"
2014,重庆工商大学游泳池设备合同,,重庆工商大学,重庆腾龙体育设施有限公司,普通高等教育,7.624,compliance,0.5,"关键词匹配(E:0,C:1,P:0)"
2014,重庆干部网络学院数字摄影机等设备合同,,重庆工商大学,重庆旭达科技发展有限公司,普通高等教育,16.58,coordination,0.4,"关键词匹配(E:0,C:2,P:0)"
2014,重庆工商大学国际商学院计算机采购合同,,重庆工商大学,重庆商进科技有限公司,普通高等教育,24.688,compliance,0.6666666666666666,"关键词匹配(E:0,C:0,P:0)"
2014,重庆工商大学弱电及监控系统建设项目合同,,重庆工商大学,重庆同方教学仪器设备有限公司,普通高等教育,24.5,compliance,0.6,"关键词匹配(E:0,C:1,P:1)"
2014,重庆工商大学社会学省级重点学科建设项目计算机、服务器询价采购合同,,重庆工商大学,重庆创世电子有限公司,普通高等教育,23.94,compliance,0.5,"关键词匹配(E:0,C:1,P:0)"
2014,重庆工商大学数字艺术综合实验教学平台服务器合同,,重庆工商大学,重庆源畅科技有限公司,普通高等教育,6.92,compliance,0.8,"关键词匹配(E:0,C:0,P:2)"
2014,重庆工商大学老师支持中心计算机（2次）合同,,重庆工商大学,重庆创世电子有限公司,普通高等教育,5.726,compliance,0.6666666666666666,"关键词匹配(E:0,C:0,P:0)"
2014,重庆工商大学创新型会计人才协同培育实践教育基地计算机、服务器询价采购合同,,重庆工商大学,重庆创世电子有限公司,普通高等教育,63.5,compliance,0.6,"关键词匹配(E:1,C:0,P:1)"
2014,重庆工商大学实验教学计算机询价采购合同,,重庆工商大学,重庆定初科技有限公司,普通高等教育,202.708,compliance,0.8,"关键词匹配(E:0,C:0,P:2)"
2014,重庆工商大学特殊博士项目引领下的应用经济学创新工程计算机及笔记本采购合同,,重庆工商大学,重庆定初科技有限公司,普通高等教育,53.295,compliance,0.5,"关键词匹配(E:0,C:1,P:0)"
2014,图书馆2012年中地共建授权支付项目（NEC投影机）采购合同,,重庆工商大学,重庆中原天罡电子有限公司,普通高等教育,5.2,compliance,0.75,"关键词匹配(E:0,C:0,P:1)"
2014,重庆工商大学外语自主学习室计算机询价采购合同,,重庆工商大学,重庆创世电子有限公司,普通高等教育,135.861,compliance,0.6666666666666666,"关键词匹配(E:0,C:0,P:0)"
2014,重庆工商大学实验室服务器采购合同,,重庆工商大学,重庆源畅科技有限公司,普通高等教育,18.46,compliance,0.75,"关键词匹配(E:0,C:0,P:1)"
2014,重庆工商大学建筑装饰分院计算机询价采购合同,,重庆工商大学,重庆定初科技有限公司,普通高等教育,48.96,compliance,0.5,"关键词匹配(E:0,C:1,P:0)"
2014,（图书馆、环生学院、会计学院）惠普/HP台式机采购合同,,重庆工商大学,重庆定初科技有限公司,普通高等教育,5.665,compliance,0.6,"关键词匹配(E:1,C:0,P:1)"
2014,重庆工商大学应用经济学特色优势学科（统计学）计算机采购合同,,重庆工商大学,重庆定初科技有限公司,普通高等教育,12.44,compliance,0.6666666666666666,"关键词匹配(E:0,C:0,P:0)"
2014,重庆工商大学成渝经济区产业发展促进中心科研平台计算机设备采购合同,,重庆工商大学,重庆定初科技有限公司,普通高等教育,64.665,compliance,0.5,"关键词匹配(E:0,C:1,P:0)"
2014,重庆工商大学创新型会计人才协同培育实践教育基地服务器采购合同,,重庆工商大学,重庆商达电脑科技有限责任公司,普通高等教育,6.7,compliance,0.6,"关键词匹配(E:1,C:0,P:1)"
2014,重庆工商大学多媒体移动教学工作系统采购合同,,重庆工商大学,重庆商达电脑科技有限责任公司,普通高等教育,7.5,compliance,0.8,"关键词匹配(E:0,C:0,P:2)"
2014,重庆工商大学图书馆服务器采购合同,,重庆工商大学,重庆源畅科技有限公司,普通高等教育,10.76,compliance,0.75,"关键词匹配(E:0,C:0,P:1)"
2014,重庆工商大学艺术学院实验室影视设备1（2次）采购合同,,重庆工商大学,重庆旭达科技发展有限公司,普通高等教育,9.495,compliance,0.6,"关键词匹配(E:0,C:1,P:1)"
2014,管理学院服务器采购合同,,重庆工商大学,重庆商达电脑科技有限责任公司,普通高等教育,6.7,compliance,0.5,"关键词匹配(E:0,C:1,P:0)"
2014,重庆工商大学图书馆一体电脑采购合同,,重庆工商大学,重庆定初科技有限公司,普通高等教育,9.76,compliance,0.75,"关键词匹配(E:0,C:0,P:1)"
2014,重庆工商大学艺术学院实验室影视设备3（设计艺术分院摄像机）（2次）采购合同,,重庆工商大学,重庆天朝数码科技有限公司,普通高等教育,9.596,compliance,0.5,"关键词匹配(E:0,C:2,P:1)"
2014,重庆工商大学2014年办公计算机采购合同,,重庆工商大学,重庆定初科技有限公司,普通高等教育,22.14,compliance,0.5,"关键词匹配(E:0,C:1,P:0)"
2014,重庆工商大学学生公寓交换机升级项目合同,,重庆工商大学,重庆易倍科技有限公司,普通高等教育,914.508,compliance,0.6666666666666666,"关键词匹配(E:0,C:0,P:0)"
2014,重庆工商大学制造装备机构设计与控制实验室计算机采购采购合同,,重庆工商大学,重庆创世电子有限公司,普通高等教育,12.098,compliance,0.6,"关键词匹配(E:0,C:1,P:1)"
2014,上海市交通运输行业2014-2016年社会满意度指数测评采购项目服务合同书,,上海市城市交通运输管理处,上海市质协用户评价中心,暂无,747.9,coordination,0.6666666666666666,"关键词匹配(E:0,C:2,P:0)"
2014,安徽大学艺术与传媒学院图书、教学设备采购,,安徽大学艺术与传媒学院,安徽新华传媒股份有限公司,高等教育,45.0,compliance,0.6666666666666666,"关键词匹配(E:0,C:1,P:2)"
2014,学生公寓及公共建筑空调采购合同,,重庆工商大学,重庆杨歌机电设备安装工程有限公司,文化、体育和娱乐业,1737.7849,coordination,0.1,默认分类（通用政府采购）
2014,重庆工商大学2014年多媒体教室建设项目合同,,重庆工商大学,重庆志向科技有限公司,普通高等教育,61.9,compliance,0.6,"关键词匹配(E:0,C:1,P:1)"
2014,中国人口宣传教育中心摄影棚扩建改造项目声学装修工程,,中国人口宣传教育中心,北京广佳建筑装饰股份有限公司,卫生和社会工作,138.5998,coordination,0.42857142857142855,"关键词匹配(E:0,C:3,P:1)"
2014,摄影棚扩建改造项目摄影棚灯光设备层改造政府采购合同,,中国人口宣传教育中心,北京仁歌视听科技有限公司,卫生和社会工作,228.66775,coordination,0.5,"关键词匹配(E:0,C:3,P:0)"
2014,北碚区政府货物采购购销合同,,北碚区疾控中心,成都培安科学仪器有限公司,疾病预防控制中心,32.9,coordination,0.1,默认分类（通用政府采购）
2014,仪器设备购销合同,,北碚区疾控中心,重庆铱标科技有限公司,疾病预防控制中心,9.3,coordination,0.5,"关键词匹配(E:0,C:1,P:0)"
2014,有害生物防治服务合同,,北碚区疾控中心,重庆新天地有害生物防治有限公司,疾病预防控制中心,1.8,coordination,0.1,默认分类（通用政府采购）
2014,北碚区政府货物采购购销合同,,北碚区疾控中心,南昌市锦涛医疗设备有限公司,疾病预防控制中心,57.6,coordination,0.1,默认分类（通用政府采购）
2014,北碚区政府货物采购购销合同,,北碚区疾控中心,南昌市新荣医疗器械有限公司,疾病预防控制中心,39.5,coordination,0.1,默认分类（通用政府采购）
2014,重庆市政府采购货物购销合同,,北碚区疾控中心,重庆江铃汽车销售服务有限公司,疾病预防控制中心,19.8,coordination,0.1,默认分类（通用政府采购）
2014,重庆市政府采购货物购销合同,,北碚区疾控中心,重庆步浪电脑有限公司,疾病预防控制中心,3.979804,coordination,0.1,默认分类（通用政府采购）
2014,重庆市政府采购货物购销合同,,北碚区疾控中心,重庆市超之杰商贸有限公司,疾病预防控制中心,1.28775,coordination,0.1,默认分类（通用政府采购）
2014,仪器设备购销合同,,北碚区疾控中心,重庆铱标科技有限公司,疾病预防控制中心,1.6,coordination,0.5,"关键词匹配(E:0,C:1,P:0)"
2014,重庆市第九人民医院医疗设备购销合同,,重庆市第九人民医院,重庆宁康医疗器械有限公司,综合医院,4.9,compliance,0.6666666666666666,"关键词匹配(E:0,C:1,P:2)"
2014,重庆市第九人民医院医疗设备购销合同,,重庆市第九人民医院,江苏博创医疗器械有限公司,综合医院,3.74,compliance,0.6666666666666666,"关键词匹配(E:0,C:1,P:2)"
2014,重庆市第九人民医院医疗设备购销合同,,重庆市第九人民医院,重庆迈博医疗器械有限公司,综合医院,4.98,compliance,0.6666666666666666,"关键词匹配(E:0,C:1,P:2)"
2014,重庆市第九人民医院医疗设备购销合同,,重庆市第九人民医院,重庆西山科技有限公司,综合医院,2.56,compliance,0.6666666666666666,"关键词匹配(E:0,C:1,P:2)"
2014,重庆市第九人民医院医疗设备购销合同,,重庆市第九人民医院,重庆福润德医疗器械有限公司,综合医院,3.9,compliance,0.6666666666666666,"关键词匹配(E:0,C:1,P:2)"
2014,重庆市第九人民医院医疗设备购销合同,,重庆市第九人民医院,重庆市北碚康德医疗,综合医院,4.0,compliance,0.6666666666666666,"关键词匹配(E:0,C:1,P:2)"
2014,重庆市第九人民医院医疗设备购销合同,,重庆市第九人民医院,四川嘉荣医疗器械公司,综合医院,3.8,compliance,0.6666666666666666,"关键词匹配(E:0,C:1,P:2)"
2014,重庆市第九人民医院医疗设备购销合同,,重庆市第九人民医院,南通鹏博医疗器械公司,综合医院,1.95,compliance,0.6666666666666666,"关键词匹配(E:0,C:1,P:2)"
2014,重庆市第九人民医院医疗设备购销合同,,重庆市第九人民医院,广州市忆明科学仪器公司,综合医院,4.9,compliance,0.6666666666666666,"关键词匹配(E:0,C:1,P:2)"
2014,重庆市第九人民医院医疗设备购销合同,,重庆市第九人民医院,重庆小马医疗器械有限公司,综合医院,4.68,compliance,0.6666666666666666,"关键词匹配(E:0,C:1,P:2)"
2014,重庆市第九人民医院医疗设备购销合同,,重庆市第九人民医院,重庆麦邦医疗器械有限公司,综合医院,8.7,compliance,0.6666666666666666,"关键词匹配(E:0,C:1,P:2)"
2014,重庆市第九人民医院医疗设备购销合同,,重庆市第九人民医院,重庆普乐迪生物有限公司,综合医院,7.0,compliance,0.6666666666666666,"关键词匹配(E:0,C:1,P:2)"
2014,重庆市第九人民医院医疗设备购销合同,,重庆市第九人民医院,重庆市北碚区康德医疗器械有限公司,综合医院,1.9,compliance,0.6666666666666666,"关键词匹配(E:0,C:1,P:2)"
2014,重庆市第九人民医院医疗设备购销合同,,重庆市第九人民医院,重庆安在时生物技术有限公司,综合医院,3.6,compliance,0.6666666666666666,"关键词匹配(E:0,C:1,P:2)"
2014,重庆市第九人民医院医疗设备购销合同,,重庆市第九人民医院,重庆西山科技有限公司,综合医院,4.98,compliance,0.6666666666666666,"关键词匹配(E:0,C:1,P:2)"
2014,医疗设备购销合同,,重庆市第九人民医院,重庆皓展医疗器械有限公司,综合医院,5.8,compliance,0.6,"关键词匹配(E:0,C:1,P:1)"
2014,重庆市第九人民医院医疗设备购销合同,,重庆市第九人民医院,重庆市北碚区康德医疗器械有限公司,综合医院,3.9,compliance,0.6666666666666666,"关键词匹配(E:0,C:1,P:2)"
2014,重庆市第九人民医院医疗设备购销合同,,重庆市第九人民医院,重庆康华瑞明科技股份有限公司,综合医院,2.2,compliance,0.6666666666666666,"关键词匹配(E:0,C:1,P:2)"
2014,重庆市第九人民医院医疗设备购销合同,,重庆市第九人民医院,重庆巴方来科技有限公司,综合医院,9.98,compliance,0.6666666666666666,"关键词匹配(E:0,C:1,P:2)"
2014,重庆市第九人民医院医疗设备购销合同,,重庆市第九人民医院,重庆福润德医疗,综合医院,2.6,compliance,0.6666666666666666,"关键词匹配(E:0,C:1,P:2)"
2014,医疗设备购销合同,,重庆市第九人民医院,重庆医药和平医疗器械有限公司,综合医院,4.2,compliance,0.6,"关键词匹配(E:0,C:1,P:1)"
2014,重庆市第九人民医院医疗设备购销合同,,重庆市第九人民医院,重庆皓展医疗器械有限公司,综合医院,8.7,compliance,0.6666666666666666,"关键词匹配(E:0,C:1,P:2)"
2014,医疗设备购销合同,,重庆市第九人民医院,重庆盛润医疗器械有限公司,综合医院,7.8,compliance,0.6,"关键词匹配(E:0,C:1,P:1)"
2014,重庆市第九人民医院医疗设备购销合同,,重庆市第九人民医院,重庆恒升医疗器械有限公司,综合医院,4.99,compliance,0.6666666666666666,"关键词匹配(E:0,C:1,P:2)"
2014,医疗设备购销合同,,重庆市第九人民医院,重庆欧迈医疗设备有限公司,综合医院,4.92,compliance,0.6,"关键词匹配(E:0,C:1,P:1)"
2014,医疗设备购销合同,,重庆市第九人民医院,重庆科邦医疗,综合医院,8.05,compliance,0.6,"关键词匹配(E:0,C:1,P:1)"
2014,重庆市第九人民医院医疗设备购销合同,,重庆市第九人民医院,重庆宁康医疗器械有限公司,综合医院,4.98,compliance,0.6666666666666666,"关键词匹配(E:0,C:1,P:2)"
2014,重庆市第九人民医院医疗设备购销合同,,重庆市第九人民医院,重庆巴方来科技有限公司,综合医院,9.9,compliance,0.6666666666666666,"关键词匹配(E:0,C:1,P:2)"
2014,重庆市第九人民医院医疗设备购销合同,,重庆市第九人民医院,重庆长嘉办公设备有限公司,综合医院,1.68,compliance,0.6666666666666666,"关键词匹配(E:0,C:1,P:2)"
2014,重庆市第九人民医院医疗设备购销合同,,重庆市第九人民医院,成都老肯科技股份有限公司,综合医院,1.49,compliance,0.6666666666666666,"关键词匹配(E:0,C:1,P:2)"
2014,重庆市第九人民医院医疗设备购销合同,,重庆市第九人民医院,重庆众康医疗,综合医院,6.21,compliance,0.6666666666666666,"关键词匹配(E:0,C:1,P:2)"
2014,重庆市第九人民医院医疗设备购销合同,,重庆市第九人民医院,重庆北哲医疗设备有限公司,综合医院,1.9,compliance,0.6666666666666666,"关键词匹配(E:0,C:1,P:2)"
2014,重庆市第九人民医院医疗设备购销合同,,重庆市第九人民医院,重庆脉连脉医疗器械公司,综合医院,4.76,compliance,0.6666666666666666,"关键词匹配(E:0,C:1,P:2)"
2014,重庆市第九人民医院医疗设备购销合同,,重庆市第九人民医院,重庆欧迈医疗设备有限公司,综合医院,4.92,compliance,0.6666666666666666,"关键词匹配(E:0,C:1,P:2)"
2014,重庆市第九人民医院医疗设备购销合同,,重庆市第九人民医院,重庆辛卯贸易公司,综合医院,9.6,compliance,0.6666666666666666,"关键词匹配(E:0,C:1,P:2)"
2014,重庆市第九人民医院医疗设备购销合同,,重庆市第九人民医院,重庆福润德医疗,综合医院,2.8,compliance,0.6666666666666666,"关键词匹配(E:0,C:1,P:2)"
2014,重庆市第九人民医院医疗设备购销合同,,重庆市第九人民医院,重庆科邦医疗器械公司,综合医院,2.3,compliance,0.6666666666666666,"关键词匹配(E:0,C:1,P:2)"
2014,重庆市第九人民医院医疗设备购销合同,,重庆市第九人民医院,重庆良韵医疗用品有限公司,综合医院,2.592,compliance,0.6666666666666666,"关键词匹配(E:0,C:1,P:2)"
2014,医疗设备购销合同,,重庆市第九人民医院,重庆普乐迪,综合医院,4.3,compliance,0.6,"关键词匹配(E:0,C:1,P:1)"
2014,重庆市第九人民医院医疗设备购销合同,,重庆市第九人民医院,重庆医药和平医疗器械有限公司,综合医院,4.9224,compliance,0.6666666666666666,"关键词匹配(E:0,C:1,P:2)"
2014,重庆市第九人民医院医疗设备购销合同,,重庆市第九人民医院,南昌市仙明医疗公司,综合医院,4.9,compliance,0.6666666666666666,"关键词匹配(E:0,C:1,P:2)"
2014,重庆市第九人民医院医疗设备购销合同,,重庆市第九人民医院,成都老肯科技公司,综合医院,2.98,compliance,0.6666666666666666,"关键词匹配(E:0,C:1,P:2)"
2014,重庆市第九人民医院医疗设备购销合同,,重庆市第九人民医院,重庆医药和平医疗器械有限公司,综合医院,2.352,compliance,0.6666666666666666,"关键词匹配(E:0,C:1,P:2)"
2014,重庆市第九人民医院医疗设备购销合同,,重庆市第九人民医院,重庆福润德医疗,综合医院,1.7,compliance,0.6666666666666666,"关键词匹配(E:0,C:1,P:2)"
2014,重庆市第九人民医院医疗设备购销合同,,重庆市第九人民医院,重庆青卡科技发展有限公司,综合医院,4.9,compliance,0.6666666666666666,"关键词匹配(E:0,C:1,P:2)"
2014,重庆市第九人民医院医疗设备购销合同,,重庆市第九人民医院,重庆聚平和医疗,综合医院,8.9,compliance,0.6666666666666666,"关键词匹配(E:0,C:1,P:2)"
2014,北碚区政府货物采购购销合同,,重庆市第九人民医院,重庆医药安通医药有限公司,综合医院,24.9,compliance,0.6666666666666666,"关键词匹配(E:0,C:0,P:0)"
2014,北碚区政府货物采购购销合同,,重庆市第九人民医院,重庆中驰医疗器械有限公司,综合医院,9.8,compliance,0.6666666666666666,"关键词匹配(E:0,C:0,P:0)"
2014,北碚区政府货物采购购销合同,,重庆市第九人民医院,重庆佳品医疗器械有限公司,综合医院,14.5,compliance,0.6666666666666666,"关键词匹配(E:0,C:0,P:0)"
2014,北碚区政府货物采购购销合同,,重庆市第九人民医院,重庆方健医疗器械有限公司,综合医院,65.0,compliance,0.6666666666666666,"关键词匹配(E:0,C:0,P:0)"
2014,北碚区政府货物采购购销合同,,重庆市第九人民医院,重庆普乐迪生物技术发展有限公司,综合医院,21.78,compliance,0.6666666666666666,"关键词匹配(E:0,C:0,P:0)"
2014,北碚区政府货物采购购销合同,,重庆市第九人民医院,重庆共好医疗器械有限公司,综合医院,8.5,compliance,0.6666666666666666,"关键词匹配(E:0,C:0,P:0)"
2014,北碚区政府货物采购购销合同,,重庆市第九人民医院,重庆众康医疗器械有限公司,综合医院,133.2,compliance,0.6666666666666666,"关键词匹配(E:0,C:0,P:0)"
2014,北碚区政府货物采购购销合同,,重庆市第九人民医院,重庆创生生物科技有限公司,综合医院,40.8,compliance,0.6666666666666666,"关键词匹配(E:0,C:0,P:0)"
2014,北碚区政府货物采购购销合同,,重庆市第九人民医院,重庆科盛医疗器械有限公司,综合医院,69.6,compliance,0.6666666666666666,"关键词匹配(E:0,C:0,P:0)"
2014,北碚区政府货物采购购销合同,,重庆市第九人民医院,重庆市康天医疗设备有限公司,综合医院,1215.47425,compliance,0.6666666666666666,"关键词匹配(E:0,C:0,P:0)"
2014,北碚区政府货物采购购销合同,,重庆市第九人民医院,重庆良韵医疗用品有限公司,综合医院,12.8,compliance,0.6666666666666666,"关键词匹配(E:0,C:0,P:0)"
2014,北碚区政府货物采购购销合同,,重庆市第九人民医院,重庆迈博医疗器械有限公司,综合医院,150.0,compliance,0.6666666666666666,"关键词匹配(E:0,C:0,P:0)"
2014,北碚区政府货物采购购销合同,,重庆市第九人民医院,重庆比力思科技有限公司,综合医院,33.0,compliance,0.6666666666666666,"关键词匹配(E:0,C:0,P:0)"
2014,北碚区政府货物采购购销合同,,重庆市第九人民医院,南昌洪涌医疗器械有限公司,综合医院,45.8,compliance,0.6666666666666666,"关键词匹配(E:0,C:0,P:0)"
2014,北碚区政府货物采购购销合同,,重庆市第九人民医院,重庆中驰医疗器械有限公司,综合医院,14.5,compliance,0.6666666666666666,"关键词匹配(E:0,C:0,P:0)"
2014,北碚区政府货物采购购销合同,,重庆市第九人民医院,广州康盛生物科技有限公司,综合医院,17.3,compliance,0.6666666666666666,"关键词匹配(E:0,C:0,P:0)"
2014,北碚区政府货物采购购销合同,,重庆市第九人民医院,重庆市宜轩科技有限公司,综合医院,9.87,compliance,0.6666666666666666,"关键词匹配(E:0,C:0,P:0)"
2014,北碚区政府货物采购购销合同,,重庆市第九人民医院,重庆市康天医疗设备有限公司,综合医院,508.65,compliance,0.6666666666666666,"关键词匹配(E:0,C:0,P:0)"
2014,北碚区政府货物采购购销合同,,重庆市第九人民医院,贵阳宏晔医学影像设备有限责任公司,综合医院,34.68,compliance,0.6666666666666666,"关键词匹配(E:0,C:0,P:0)"
2014,北碚区政府货物采购购销合同,,重庆市第九人民医院,重庆市康天医疗设备有限公司,综合医院,79.5,compliance,0.6666666666666666,"关键词匹配(E:0,C:0,P:0)"
2014,重庆市渝中区政府采购合同,,重庆市渝中区绿化维护管理处,绿友机械集团股份有限公司重庆分公司,绿化管理,9.8,coordination,0.1,默认分类（通用政府采购）
2014,北京海关缉私局指挥中心弱电工程合同,,中华人民共和国北京海关,北京华科机房装饰工程有限公司,建筑装饰和其他建筑业,1320.818817,coordination,0.75,"关键词匹配(E:0,C:1,P:0)"
2014,中梁山华龙家园社区绿化调整施工合同,,九龙坡区中梁山街道办事处,重庆西铝建筑装饰工程公司,水利、环境和公共设施管理业,9.96,coordination,0.5,"关键词匹配(E:0,C:2,P:1)"
2014,重庆市政府采购购销合同,,重庆自然博物馆,重庆渝迅电梯有限公司,博物馆,127.0,coordination,0.1,默认分类（通用政府采购）
2014,社会救助在线公示及模拟演示系统合同,,重庆市北碚区民政局,重庆迪航科技有限公司,其他居民服务业,4.3,compliance,0.5,"关键词匹配(E:0,C:0,P:1)"
2014,中梁山协兴村社区化粪池改造工程施工合同,,九龙坡区中梁山街道办事处,重庆西站建筑工程有限公司,水利、环境和公共设施管理业,16.722584,coordination,0.6,"关键词匹配(E:0,C:3,P:1)"
2014,社会救助共享审批系统采购合同,,重庆市北碚区民政局,重庆坛锐科技有限公司,其他居民服务业,9.2,compliance,0.5,"关键词匹配(E:0,C:0,P:1)"
2014,兰州市科学技术局采购光纤宽带项目,,兰州市科学技术局,中国电信股份有限公司兰州分公司,公共管理、社会保障和社会组织,14.5,compliance,0.6666666666666666,"关键词匹配(E:0,C:0,P:0)"
2014,国家统计局邹平调查队平板电脑和录音笔项目采购项目,,国家统计局邹平调查队,山东商友致远电子科技有限公司,其他国家机构,3.7996,coordination,0.1,默认分类（通用政府采购）
2014,国家统计局邹平调查队摄像机和照相机采购项目,,国家统计局邹平调查队,中视凯利（北京）科技有限责任公司,其他国家机构,5.2774,coordination,0.1,默认分类（通用政府采购）
2014,国家统计局济南调查队采购打印机,,国家统计局济南调查队,北京奔图科技有限公司,其他互联网服务,0.414,coordination,0.5,"关键词匹配(E:0,C:1,P:0)"
2014,重庆市政府采购购销合同,,重庆铁路中学,重庆骏派商贸有限公司,信息系统集成服务,39.737,coordination,0.1,默认分类（通用政府采购）
2014,铝合金玻璃隔断安装合同,,九龙坡区房屋管理局,重庆市江北区铭鑫玻璃厂,五金零售,3.0,coordination,0.1,默认分类（通用政府采购）
2014,九龙坡区房管局档案室装修,,九龙坡区房屋管理局,重庆唐风装饰工程有限公司,建筑装饰业,3.5652,coordination,0.6666666666666666,"关键词匹配(E:0,C:2,P:0)"
2014,13A1225项目合同,,重庆铁路中学,重庆聚宝教学设备有限公司,教学用模型及教具制造,199.985,coordination,0.1,默认分类（通用政府采购）
2014,14A0447项目合同,,重庆铁路中学,重庆海源弱电系统工程有限公司,信息系统集成服务,127.0,coordination,0.1,默认分类（通用政府采购）
2014,14A1079项目合同,,重庆铁路中学,重庆华林轻工家电有限公司,提供施工设备服务,164.7,coordination,0.1,默认分类（通用政府采购）
2014,九龙坡城市形象宣传海报印刷合同,,九龙坡区房屋管理局,重庆市九龙坡区扬子江印刷厂,装订及印刷相关服务,7.473,coordination,0.5,"关键词匹配(E:0,C:1,P:0)"
2014,九龙坡区房管局过道整修装修合同,,九龙坡区房屋管理局,重庆市唐风装饰工程有限公司,建筑装饰业,7.5,coordination,0.5,"关键词匹配(E:0,C:1,P:0)"
2014,13A1166项目合同,,重庆铁路中学,重庆骏派商贸有限公司,信息系统集成服务,20.67,coordination,0.1,默认分类（通用政府采购）
2014,九龙坡区房管局应急平台设备采购合同,,九龙坡区房屋管理局,重庆环联科技有限公司,其他未列明信息技术服务业,6.45,coordination,0.3333333333333333,"关键词匹配(E:0,C:1,P:1)"
2014,重庆市政府采购货物购销合同,,九龙坡区档案局,重庆腾丰电器有限公司,日用家电设备零售,17.712,coordination,0.1,默认分类（通用政府采购）
2014,群众路线及政府采购网站合同,,九龙坡区公共资源综合交易中心,江苏国泰新点软件有限公司,软件开发,3.6,coordination,0.1,默认分类（通用政府采购）
2014,重庆市政府采购货物购销合同,,九龙坡区公共资源综合交易中心,重庆商社信息科技有限公司,计算机、软件及辅助设备零售,0.090944,coordination,0.1,默认分类（通用政府采购）
2014,伙食团装修合同,,九龙坡区房屋管理局,重庆金曦建筑装饰设计工程有限公司,建筑装饰业,12.5149,coordination,0.5,"关键词匹配(E:0,C:1,P:0)"
2014,重庆市政府采购货物购销合同,,九龙坡区公共资源综合交易中心,重庆腾丰电器有限公司,日用家电设备零售,0.2583,coordination,0.1,默认分类（通用政府采购）
2014,学生公寓空调,,重庆市79中学,重庆同联机电设备安装工程有限公司,日用家电设备零售,1.8,coordination,0.1,默认分类（通用政府采购）
2014,重庆市九龙坡区工程招标文件固化软件开发协议,,九龙坡区公共资源综合交易中心,北京金润方舟科技股份有限公司,软件开发,1.8,coordination,0.5,"关键词匹配(E:0,C:1,P:0)"
2014,家俱购买合同,,九龙坡区公共资源综合交易中心,重庆华亚家私有限公司,其他家具制造,0.98,coordination,0.1,默认分类（通用政府采购）
2014,重庆市九龙坡区档案局三楼库房装修项目工程合同,,九龙坡区档案局,重庆世纪标榜建筑装修设计工程有限公司,建筑装饰业,18.197256,coordination,0.75,"关键词匹配(E:0,C:3,P:0)"
2014,民安华福房管中心服务大厅格力空调合同,,九龙坡区房屋管理局,重庆腾丰电器有限公司,日用家电设备零售,15.989,coordination,0.1,默认分类（通用政府采购）
2014,重庆铁路中学舞台灯光设备工程补充协议,,重庆铁路中学,重庆海源弱电系统工程有限公司,信息系统集成服务,8.0,coordination,0.6666666666666666,"关键词匹配(E:0,C:2,P:0)"
2014,重庆市政府采购货物购销合同,,九龙坡区公共资源综合交易中心,重庆腾丰电器有限公司,日用家电设备零售,1.1562,coordination,0.1,默认分类（通用政府采购）
2014,办公电脑,,重庆市79中学,重庆同景办公设备有限公司,计算机、软件及辅助设备零售,0.375,coordination,0.5,"关键词匹配(E:0,C:1,P:0)"
2014,住保中心购办公用扫描仪合同,,九龙坡区房屋管理局,重庆同景办公设备有限公司,计算机、软件及辅助设备零售,1.21023,coordination,0.5,"关键词匹配(E:0,C:1,P:0)"
2014,九龙坡区民安华福房管中心服务大厅装修工程合同,,九龙坡区房屋管理局,重庆冠群装饰设计工程有限公司,建筑装饰业,44.0,coordination,0.6666666666666666,"关键词匹配(E:0,C:2,P:0)"
2014,采购照相机合同,,九龙坡区房屋管理局,重庆苏宁云商销售有限公司,其他电子产品零售,0.455,coordination,0.1,默认分类（通用政府采购）
2014,重庆市政府采购货物购销合同,,九龙坡区档案局,重庆同景办公设备有限公司,计算机和辅助设备修理,11.80452,coordination,0.1,默认分类（通用政府采购）
2014,计算机及网络设备服务合同,,九龙坡区公共资源综合交易中心,重庆骏派商贸有限公司,其他电子产品零售,6.0,coordination,0.6666666666666666,"关键词匹配(E:0,C:2,P:0)"
2014,办公室改造工程合同,,九龙坡区公共资源综合交易中心,重庆冠龙装饰工程有限公司,建筑装饰业,10.892,coordination,0.75,"关键词匹配(E:0,C:3,P:0)"
2014,重庆市政府采购货物购销合同,,九龙坡区档案局,重庆佰中科技有限公司,其他未列明信息技术服务业,1.05,coordination,0.1,默认分类（通用政府采购）
2014,互联网接入业务协议,,九龙坡区公共资源综合交易中心,中国电信股份有限公司重庆九龙坡分公司,其他电信服务,12.0,coordination,0.1,默认分类（通用政府采购）
2014,九龙坡区档案局监控系统安装合同,,九龙坡区档案局,重庆友道科技有限公司,其他未列明建筑业,2.5079,coordination,0.6,"关键词匹配(E:0,C:1,P:1)"
2014,14A0435项目合同,,重庆铁路中学,重庆聚艺影视舞台设备有限公司,其他娱乐业,305.653,coordination,0.1,默认分类（通用政府采购）
2014,华龙家园小区一、二期消防栓系统改造工程施工合同,,九龙坡区房屋管理局,重庆力杰消防工程有限公司,其他建筑安装业,30.7,coordination,0.6,"关键词匹配(E:0,C:3,P:1)"
2014,民安华福房管中心办公室采购一批空调合同,,九龙坡区房屋管理局,重庆腾丰电器有限公司,日用家电设备零售,2.6978,coordination,0.5,"关键词匹配(E:0,C:1,P:0)"
2014,货物购销合同,,石桥铺街道社区卫生服务中心,重庆崇度商贸有限公司,卫生和社会工作,0.42,compliance,0.6666666666666666,"关键词匹配(E:0,C:0,P:0)"
2014,华福家园小区内增设停车位改造工程,,九龙坡区房屋管理局,重庆步道叁号园林工程有限公司,其他建筑安装业,19.39236,coordination,0.6666666666666666,"关键词匹配(E:0,C:2,P:0)"
2014,住保中心购办公用台式电脑合同,,九龙坡区房屋管理局,重庆八达电子工程有限公司,计算机、软件及辅助设备零售,0.863,coordination,0.5,"关键词匹配(E:0,C:1,P:0)"
2014,实验货运电梯采购合同,,重庆铁路中学,重庆恒达电梯有限公司,其他建筑安装业,19.6,compliance,0.5,"关键词匹配(E:0,C:0,P:1)"
2014,民安华福公租房增设LED屏合同,,九龙坡区房屋管理局,重庆渝视科技发展有限公司,其他电子产品零售,17.5373,coordination,0.1,默认分类（通用政府采购）
2014,音乐教室用空调,,重庆市79中学,重庆同联机电设备安装工程有限公司,日用家电设备零售,0.56,coordination,0.1,默认分类（通用政府采购）
2014,住保中心办公室室内修缮工程合同,,九龙坡区房屋管理局,重庆润驰装饰工程设计有限公司,建筑装饰业,0.76,coordination,0.75,"关键词匹配(E:0,C:3,P:0)"
2014,运动场维修合同,,重庆铁路中学,重庆恒创体育设施有限公司,其他体育用品制造,21.8,coordination,0.3333333333333333,"关键词匹配(E:0,C:1,P:1)"
2014,华福家园高层下水道维修工程合同,,九龙坡区房屋管理局,重庆竺天机电设备有限公司,其他建筑安装业,18.95,coordination,0.6666666666666666,"关键词匹配(E:0,C:2,P:0)"
2014,华福家园小区消防报警系统整改工程合同,,九龙坡区房屋管理局,重庆渝人园林工程有限公司,其他未列明建筑业,19.902183,coordination,0.6,"关键词匹配(E:0,C:1,P:1)"
2014,学生公寓维修,,重庆市79中学,重庆红旗建筑工程有限公司,建筑装饰业,11.5,coordination,0.5,"关键词匹配(E:0,C:1,P:0)"
2014,收缩看台采购合同,,重庆铁路中学,江苏金陵体育器材股份有限公司,社会公共安全设备及器材制造,44.506,coordination,0.1,默认分类（通用政府采购）
2014,廉租房小区改造工程,,九龙坡区房屋管理局,重庆市渝人园林工程有限公司,其他建筑安装业,19.870353,coordination,0.6666666666666666,"关键词匹配(E:0,C:2,P:0)"
2014,区房屋征收中心电子档案上传服务,,九龙坡区房屋管理局,重庆曼非科技发展有限公司,信息技术咨询服务,4.0,extractive,0.3333333333333333,"关键词匹配(E:1,C:1,P:0)"
2014,14A1414项目合同,,重庆铁路中学,重庆普惠教学设备有限公司,其他文教办公用品制造,35.6497,coordination,0.1,默认分类（通用政府采购）
2014,征收中心购办公桌椅一批合同,,九龙坡区房屋管理局,巴南区海洋办公家具经营部,家具零售,1.315,extractive,0.3333333333333333,"关键词匹配(E:1,C:1,P:0)"
2014,学生公寓铁床,,重庆市79中学,重庆市澜林教学设备有限公司,办公服务,17.7,coordination,0.1,默认分类（通用政府采购）
2014,铝城小学台式机采购,,九龙坡区铝城小学,重庆骏派商贸有限公司,计算机、软件及辅助设备零售,27.4,coordination,0.1,默认分类（通用政府采购）
2014,铝城小学空调购买,,九龙坡区铝城小学,重庆同联机电设备安装工程有限公司,日用家电设备零售,0.24,coordination,0.1,默认分类（通用政府采购）
2014,铝城小学打印机购买,,九龙坡区铝城小学,重庆商社信息科技有限公司,计算机、软件及辅助设备零售,0.188,coordination,0.5,"关键词匹配(E:0,C:1,P:0)"
2014,男生寝室家具,,九龙坡区职业教育中心(中梁山矿务学校),重庆市澜林教学设备有限公司,中等职业学校教育,42.604,compliance,0.5,"关键词匹配(E:0,C:1,P:0)"
2014,教学楼卫生间改造,,重庆市79中学,重庆南湖建设有限公司,建筑装饰业,10.16,compliance,0.5,"关键词匹配(E:0,C:1,P:2)"
2014,铝城小学显示器购买,,九龙坡区铝城小学,重庆八达电子工程有限公司,计算机、软件及辅助设备零售,1.98,coordination,0.1,默认分类（通用政府采购）
2014,铝城小学学生课桌椅采购,,九龙坡区铝城小学,重庆聚宝教学设备有限公司,家具零售,23.65,coordination,0.1,默认分类（通用政府采购）
2014,铝城小学空调购买,,九龙坡区铝城小学,重庆同联机电设备安装工程有限公司,日用家电设备零售,0.55,coordination,0.1,默认分类（通用政府采购）
2014,铝城小学监控系统安装,,九龙坡区铝城小学,重庆韵浩科技有限公司,其他电子产品零售,10.375,compliance,0.5,"关键词匹配(E:0,C:0,P:1)"
2014,计算机设备,,九龙坡区职业教育中心(中梁山矿务学校),重庆骏派商贸有限公司,中等职业学校教育,48.9,compliance,0.5,"关键词匹配(E:0,C:1,P:0)"
2014,景格汽车教学资源平台软件,,九龙坡区职业教育中心(中梁山矿务学校),上海景格科技股份有限公司,中等职业学校教育,14.55,compliance,0.6,"关键词匹配(E:1,C:0,P:1)"
2014,数控技术应用专业教学数字化精品课程,,九龙坡区职业教育中心(中梁山矿务学校),厦门凤凰创壹软件有限公司,中等职业学校教育,16.95,compliance,0.6666666666666666,"关键词匹配(E:0,C:1,P:2)"
2014,心理咨询室设备,,九龙坡区职业教育中心(中梁山矿务学校),重庆惠普教学设备有限公司,中等职业学校教育,11.932,coordination,0.4,"关键词匹配(E:0,C:2,P:0)"
2014,安宁中学笔记本电脑询价采购项目,,安宁中学,云南金港科技有限公司,计算机、软件及辅助设备批发,48.825,coordination,0.1,默认分类（通用政府采购）
2014,楼宇安防布线实训系统,,九龙坡区职业教育中心(中梁山矿务学校),浙江天煌科技实业有限公司,中等职业学校教育,49.41,compliance,0.8,"关键词匹配(E:0,C:0,P:2)"
2014,计算机应用专业实训软件,,九龙坡区职业教育中心(中梁山矿务学校),广州市福思特科技有限公司,中等职业学校教育,11.76,compliance,0.75,"关键词匹配(E:0,C:0,P:1)"
2014,电子与信息技术专业教学数字化精品课程资源,,九龙坡区职业教育中心(中梁山矿务学校),厦门凤凰创壹软件有限公司,中等职业学校教育,16.95,compliance,0.5714285714285714,"关键词匹配(E:1,C:1,P:2)"
2014,数控设备,,九龙坡区职业教育中心(中梁山矿务学校),厦门凤凰创壹软件有限公司,中等职业学校教育,16.95,compliance,0.5,"关键词匹配(E:0,C:1,P:0)"
2014,监控设备,,九龙坡区职业教育中心(中梁山矿务学校),重庆宇渡科技发展有限公司,中等职业学校教育,3.8,compliance,0.6,"关键词匹配(E:0,C:1,P:1)"
2014,五号学生宿舍二期热水系统设备,,九龙坡区职业教育中心(中梁山矿务学校),重庆众晶科技有限公司,中等职业学校教育,18.9,compliance,0.5,"关键词匹配(E:0,C:1,P:0)"
2014,会议室桌椅,,九龙坡区职业教育中心(中梁山矿务学校),重庆得意现代家具有限公司,中等职业学校教育,19.495,compliance,0.5,"关键词匹配(E:0,C:1,P:0)"
2014,监控设备,,九龙坡区职业教育中心(中梁山矿务学校),重庆宇渡科技发展有限公司,中等职业学校教育,8.996,compliance,0.6,"关键词匹配(E:0,C:1,P:1)"
2014,汽车空调实训设备,,九龙坡区职业教育中心(中梁山矿务学校),重庆韬益商贸有限责任公司,中等职业学校教育,64.7998,compliance,0.6,"关键词匹配(E:0,C:1,P:1)"
2014,新能源汽车实训设备,,九龙坡区职业教育中心(中梁山矿务学校),深圳市风向标科技有限公司,中等职业学校教育,65.2,compliance,0.6,"关键词匹配(E:0,C:1,P:1)"
2014,口琴,,九龙坡区职业教育中心(中梁山矿务学校),重庆市领派科技有限公司,中等职业学校教育,9.19305,compliance,0.6666666666666666,"关键词匹配(E:0,C:0,P:0)"
2014,安宁市公安局视频侦查分析检索系统采购竞争性谈判项目,,安宁市公安局,浙江捷尚视觉科技股份有限公司,安全系统监控服务,76.0,compliance,0.5,"关键词匹配(E:0,C:0,P:1)"
2014,安宁市公安局保安服务招标（二次招标）,,安宁市公安局,云南飞虎保安服务有限公司、云南卫通保安服务有限公司,安全保护服务,1622.136,compliance,0.5,"关键词匹配(E:0,C:0,P:1)"
2014,安宁市公安局连然派出所新办公楼增购家具询价采购项目,,安宁市公安局,昆明银泰家具制造有限公司,家具制造业,11.686,coordination,0.5,"关键词匹配(E:0,C:2,P:1)"
2014,安宁市公安局防护装备询价采购项目,,安宁市公安局,云南卫通保安服务有限公司,运动防护用具制造,35.06,compliance,0.5,"关键词匹配(E:0,C:0,P:1)"
2014,安宁市公安局生物物证发现仪询价采购项目,,安宁市公安局,昆明觅踪科技有限公司,专用仪器仪表制造,22.0,compliance,0.5,"关键词匹配(E:0,C:0,P:1)"
2014,安宁市安全生产监督管理服务平台建设软、硬件采购项目,,安宁市安全生产监督管理局,南京安元科技有限公司,软件开发,236.5658,coordination,0.6666666666666666,"关键词匹配(E:0,C:2,P:0)"
2014,安宁市公安局涉案视频管理系统询价采购项目,,安宁市公安局,浙江捷尚视觉科技股份有限公司,公共安全管理机构,22.0,coordination,0.3333333333333333,"关键词匹配(E:0,C:1,P:1)"
2014,安宁市食品药品监督管理局执法人员制式服装询价采购项目,,安宁市食品药品监督管理局,湖南湘绅服饰有限公司,纺织服装、服饰业,23.4496,compliance,0.5,"关键词匹配(E:0,C:1,P:2)"
2014,安宁市公安局办公用品采购竞争性谈判项目,,安宁市公安局,安宁腾翔科技有限公司,文具用品批发,94.162,coordination,0.3333333333333333,"关键词匹配(E:0,C:1,P:1)"
2014,安宁市土地增值税清算鉴证服务机构入围招标,,安宁市财政局,云南安信税务师事务所有限责任公司,会计、审计及税务服务,0.0,extractive,0.75,"关键词匹配(E:1,C:0,P:0)"
2014,安宁中学校园广播系统设备询价采购项目,,安宁中学,昆明松影数码科技有限公司,广播,23.97,coordination,0.3333333333333333,"关键词匹配(E:0,C:1,P:1)"
2014,安宁市公安局2014年电动自行车询价采购项目,,安宁市公安局,安宁永发燃气灶具经营部,摩托车及零配件批发,46.0,compliance,0.5,"关键词匹配(E:0,C:0,P:1)"
2014,安宁市城市管理综合行政执法大队执法人员制式服装询价采购项目,,安宁市城市管理综合行政执法大队,湖南湘绅服饰有限公司,纺织服装、服饰业,35.656,coordination,0.4,"关键词匹配(E:0,C:2,P:2)"
2014,办公桌椅文件柜,,九龙坡区职业教育中心(中梁山矿务学校),重庆兰瑞家具有限责任公司,中等职业学校教育,7.55,compliance,0.5,"关键词匹配(E:0,C:1,P:0)"
2014,重庆市购销合同,,九龙坡区石板镇小学,重庆洋洋仪器设备有限公司,其他文化用品批发,1.9183,coordination,0.1,默认分类（通用政府采购）
2014,线切割,,九龙坡区职业教育中心(中梁山矿务学校),重庆英卡机电设备有限公司,中等职业学校教育,6.0,compliance,0.6666666666666666,"关键词匹配(E:0,C:0,P:0)"
2014,数控车床维修平台补充,,九龙坡区职业教育中心(中梁山矿务学校),浙江天煌科技实业有限公司,中等职业学校教育,7.83,compliance,0.5,"关键词匹配(E:0,C:1,P:0)"
2014,多媒体设备,,九龙坡区职业教育中心(中梁山矿务学校),重庆商达电脑科技有限责任公司,中等职业学校教育,88.818,compliance,0.6,"关键词匹配(E:0,C:1,P:1)"
2014,重庆市政府采购货物购销合同,,九龙坡区石板镇小学,重庆八达电子工程有限公司,计算机、软件及辅助设备批发,3.5,coordination,0.1,默认分类（通用政府采购）
2014,男生寝室家具,,九龙坡区职业教育中心(中梁山矿务学校),重庆市澜林教学设备有限公司,中等职业学校教育,42.604,compliance,0.5,"关键词匹配(E:0,C:1,P:0)"
2014,重庆市111中学校弱电及监控系统设备合同,,重庆市一一一中学校,重庆迅耀科技有限公司,教育,67.3063,compliance,0.6666666666666666,"关键词匹配(E:0,C:1,P:2)"
2014,九龙坡区实验幼儿园采购玩具合同,,九龙坡区实验幼儿园,重庆新浩兴教育咨询有限公司,玩具制造,8.19,compliance,0.5,"关键词匹配(E:0,C:0,P:1)"
2014,干燥机、储气罐、空压机,,九龙坡区职业教育中心(中梁山矿务学校),重庆韬益商贸有限责任公司,中等职业学校教育,3.9727,compliance,0.6666666666666666,"关键词匹配(E:0,C:0,P:0)"
2014,图书,,九龙坡区职业教育中心(中梁山矿务学校),重庆唐朝教育服务有限公司,中等职业学校教育,7.918,compliance,0.75,"关键词匹配(E:0,C:0,P:1)"
2014,多媒体设备补充,,九龙坡区职业教育中心(中梁山矿务学校),重庆商达电脑科技有限责任公司,中等职业学校教育,5.2931,compliance,0.6,"关键词匹配(E:0,C:1,P:1)"
2014,九龙坡区实验幼儿园采购空调合同,,九龙坡区实验幼儿园,重庆同联机电设备安装工程有限公司,制冷、空调设备制造,0.4583,compliance,0.5,"关键词匹配(E:0,C:0,P:1)"
2014,重庆市购销合同,,九龙坡区石板镇小学,重庆洋洋仪器设备有限公司,其他文化用品批发,0.6753,coordination,0.1,默认分类（通用政府采购）
2014,九龙坡区实验幼儿园采购传真机合同,,九龙坡区实验幼儿园,重庆天朝数码科技有限公司,其他电子设备制造,0.16,compliance,0.5,"关键词匹配(E:0,C:0,P:1)"
2014,汽车配件设备,,九龙坡区职业教育中心(中梁山矿务学校),重庆光厚商贸有限公司,中等职业学校教育,36.6,compliance,0.5,"关键词匹配(E:0,C:1,P:0)"
2014,监控设备（补充）,,九龙坡区职业教育中心(中梁山矿务学校),重庆金田电子（集团）有限公司,中等职业学校教育,3.0724,compliance,0.6,"关键词匹配(E:0,C:1,P:1)"
2014,空调,,九龙坡区职业教育中心(中梁山矿务学校),重庆腾丰电器有限公司,中等职业学校教育,0.2829,compliance,0.6666666666666666,"关键词匹配(E:0,C:0,P:0)"
2014,维修工程合同,,九龙坡区石板镇小学,重庆可然建材有限公司,建筑装饰业,3.0,coordination,0.6666666666666666,"关键词匹配(E:0,C:2,P:0)"
2014,录播系统、摄像设备,,九龙坡区职业教育中心(中梁山矿务学校),重庆鑫满科技发展有限公司,中等职业学校教育,25.46,compliance,0.6,"关键词匹配(E:0,C:1,P:1)"
2014,重庆市购销合同,,九龙坡区石板镇小学,重庆洋洋仪器设备有限公司,体育用品及器材批发,4.5204,coordination,0.1,默认分类（通用政府采购）
2014,重庆市购销合同,,九龙坡区石板镇小学,重庆洋洋仪器设备有限公司,其他文化用品批发,1.8715,coordination,0.1,默认分类（通用政府采购）
2014,重庆市政府采购货物购销合同,,九龙坡区石板镇小学,重庆八达电子工程有限公司,计算机、软件及辅助设备批发,3.0,coordination,0.1,默认分类（通用政府采购）
2014,LED设备,,九龙坡区职业教育中心(中梁山矿务学校),重庆伟喆科技有限公司,中等职业学校教育,45.98,compliance,0.5,"关键词匹配(E:0,C:1,P:0)"
2014,重庆市政府采购合同,,九龙坡区石板镇小学,重庆联陆商贸有限公司,计算机、软件及辅助设备批发,3.594,coordination,0.1,默认分类（通用政府采购）
2014,九龙坡区实验幼儿园风雨棚加盖、沙驰整改合同,,九龙坡区实验幼儿园,重庆国强建筑工程有限公司,其他未列明建筑业,2.75,coordination,0.5,"关键词匹配(E:0,C:0,P:1)"
2014,九龙坡区实验幼儿园暑期维修工程合同,,九龙坡区实验幼儿园,重庆宏恒装饰工程有限公司,其他未列明建筑业,4.4513,coordination,0.6666666666666666,"关键词匹配(E:0,C:2,P:1)"
2014,重庆市购销合同,,九龙坡区石板镇小学,重庆洋洋仪器设备有限公司,其他文化用品批发,2.987,coordination,0.1,默认分类（通用政府采购）
2014,重庆市购销合同,,九龙坡区石板镇小学,重庆洋洋仪器设备有限公司,其他文化用品批发,0.7418,coordination,0.1,默认分类（通用政府采购）
2014,九龙坡区实验幼儿园采购图书合同,,九龙坡区实验幼儿园,重庆瀚然文化传播有限公司,图书批发,0.2548,compliance,0.6666666666666666,"关键词匹配(E:0,C:0,P:2)"
2014,九龙坡区实验幼儿园采购户外体育器械柜子合同,,九龙坡区实验幼儿园,重庆新浩兴教育咨询有限公司,其他未列明零售业,0.4,compliance,0.6666666666666666,"关键词匹配(E:0,C:0,P:2)"
2014,重庆市政府采购货物购销合同,,九龙坡区石板镇小学,重庆八达电子工程有限公司,计算机、软件及辅助设备批发,2.1,coordination,0.1,默认分类（通用政府采购）
2014,九龙坡区实验幼儿园采购笔记本电脑合同,,九龙坡区实验幼儿园,重庆骏派商贸有限公司,计算机、软件及辅助设备零售,9.52,compliance,0.5,"关键词匹配(E:0,C:0,P:1)"
2014,九龙坡区实验幼儿园采购户外体育玩具合同,,九龙坡区实验幼儿园,重庆新浩兴教育咨询有限公司,玩具制造,1.8,compliance,0.6666666666666666,"关键词匹配(E:0,C:0,P:2)"
2014,软件平台,,九龙坡区职业教育中心(中梁山矿务学校),成都依能科技有限公司,中等职业学校教育,38.74,compliance,0.6666666666666666,"关键词匹配(E:0,C:0,P:0)"
2014,文件柜,,九龙坡区职业教育中心(中梁山矿务学校),重庆市沙坪坝区常华文件柜厂,中等职业学校教育,1.02,compliance,0.6666666666666666,"关键词匹配(E:0,C:0,P:0)"
2014,重庆市九龙坡区图书采购合同,,九龙坡区石板镇小学,重庆瀚然文化传播有限公司,图书出版,3.0,compliance,0.5,"关键词匹配(E:0,C:0,P:1)"
2014,九龙坡区实验幼儿园采购相机、镜头、闪光灯合同,,九龙坡区实验幼儿园,重庆天朝数码科技有限公司,照相机及器材制造,3.2,compliance,0.5,"关键词匹配(E:0,C:0,P:1)"
2014,联想激光打印机,,九龙坡区职业教育中心(中梁山矿务学校),重庆阿波罗办公设备有限公司,中等职业学校教育,0.4752,compliance,0.5,"关键词匹配(E:0,C:1,P:0)"
2014,重庆市政府采购购销合同,,九龙坡区石板镇小学,重庆迅耀科技有限公司,互联网信息服务,13.6482,coordination,0.1,默认分类（通用政府采购）
2014,电子与信息技术竞赛设备,,九龙坡区职业教育中心(中梁山矿务学校),温州华曙自动化设备有限公司,中等职业学校教育,23.07,compliance,0.5,"关键词匹配(E:0,C:1,P:0)"
2014,科普设备购销合同（观音桥村）,,区科学技术协会,上海智慧圆科普教育设备有限公司,其他科技推广和应用服务业,4.84,coordination,0.5,"关键词匹配(E:0,C:1,P:0)"
2014,重庆市购销合同,,九龙坡区石板镇小学,重庆洋洋仪器设备有限公司,其他文化用品批发,1.5667,coordination,0.1,默认分类（通用政府采购）
2014,重庆市九龙坡区图书采购合同,,九龙坡区石板镇小学,重庆瀚然文化传播有限公司,图书批发,2.298,compliance,0.5,"关键词匹配(E:0,C:0,P:1)"
2014,九龙坡区实验幼儿园采购蒸饭车合同,,九龙坡区实验幼儿园,重庆康益酒店设备有限公司,日用家电设备零售,0.63,compliance,0.5,"关键词匹配(E:0,C:0,P:1)"
2014,重庆市政府采购合同,,九龙坡区石板镇小学,重庆市靓菲科技有限公司,计算机、软件及辅助设备批发,3.485,coordination,0.1,默认分类（通用政府采购）
2014,格力3P冷暖柜机（补充）,,九龙坡区职业教育中心(中梁山矿务学校),重庆腾丰电器有限公司,中等职业学校教育,4.053,compliance,0.6666666666666666,"关键词匹配(E:0,C:0,P:0)"
2014,监控设备,,九龙坡区职业教育中心(中梁山矿务学校),重庆金田电子（集团）有限公司,中等职业学校教育,31.8801,compliance,0.6,"关键词匹配(E:0,C:1,P:1)"
2014,重庆市政府采购合同,,九龙坡区石板镇小学,重庆春声文化传播有限公司,其他文化艺术业,1.985,coordination,0.1,默认分类（通用政府采购）
2014,维修工程合同,,九龙坡区石板镇小学,重庆可然建材有限公司,建筑装饰业,6.0,coordination,0.6666666666666666,"关键词匹配(E:0,C:2,P:0)"
2014,九龙坡区实验幼儿园采购床上用品合同,,九龙坡区实验幼儿园,重庆缔大床上用品有限公司,床上用品制造,3.72,compliance,0.5,"关键词匹配(E:0,C:0,P:1)"
2014,含谷小学图书采购合同,,九龙坡区含谷镇小学,重庆驰誉教育科技有限公司,普通小学教育,8.7333,compliance,0.75,"关键词匹配(E:0,C:0,P:1)"
2014,重庆市政府采购购销合同,,九龙坡区含谷镇小学,重庆中原天罡电子有限公司,普通小学教育,14.0,compliance,0.6666666666666666,"关键词匹配(E:0,C:0,P:0)"
2014,西彭聚居区污水管网工程可研评估,,九龙坡区发展和改革委员会,重庆市建设项目管理有限公司,其他专业咨询,7.74,coordination,0.5,"关键词匹配(E:1,C:2,P:0)"
2014,西彭铝产业区观江路道路工程可研评估,,九龙坡区发展和改革委员会,重庆剑谊工程管理咨询有限公司,其他专业咨询,8.1,coordination,0.5,"关键词匹配(E:1,C:2,P:0)"
2014,办公桌,,区科学技术协会,重庆溢欣家具经营部,其他家具制造,0.225,coordination,0.5,"关键词匹配(E:0,C:1,P:0)"
2014,Led灯,,九龙坡区田坝小学,宁波富洪照明科技有限公司,普通小学教育,1.28,compliance,0.6666666666666666,"关键词匹配(E:0,C:0,P:0)"
2014,汽车设备,,九龙坡区职业教育中心(中梁山矿务学校),深圳市风向标科技有限公司,中等职业学校教育,174.8,compliance,0.5,"关键词匹配(E:0,C:1,P:0)"
2014,科普设备购销合同（劳动三村）,,区科学技术协会,上海智慧圆科普教育设备有限公司,其他科技推广和应用服务业,4.86,coordination,0.5,"关键词匹配(E:0,C:1,P:0)"
2014,钳工平台,,九龙坡区职业教育中心(中梁山矿务学校),高新技术产业开发区华烨信电器经营部,中等职业学校教育,4.675,compliance,0.6666666666666666,"关键词匹配(E:0,C:0,P:0)"
2014,办公桌椅,,九龙坡区田坝小学,重庆杰派家具有限公司,普通小学教育,7.86,compliance,0.5,"关键词匹配(E:0,C:1,P:0)"
2014,科技教学设备,,九龙坡区田坝小学,重庆普惠教学设备有限公司,普通小学教育,5.3434,compliance,0.6,"关键词匹配(E:0,C:1,P:1)"
2014,含谷小学音乐器材采购合同,,九龙坡区含谷镇小学,重庆普惠教学设备有限公司,普通小学教育,0.599,compliance,0.6666666666666666,"关键词匹配(E:0,C:0,P:0)"
2014,老科协食品安全科普活动,,区科学技术协会,重庆市九龙坡区老科学技术协会,科技推广和应用服务业,0.95,coordination,0.1,默认分类（通用政府采购）
2014,电脑一台,,区科学技术协会,重庆佰中科技有限公司,其他计算机制造,0.374,coordination,0.1,默认分类（通用政府采购）
2014,含谷小学办公设备采购合同,,九龙坡区含谷镇小学,重庆拓渠科贸有限公司,普通小学教育,2.334,coordination,0.4,"关键词匹配(E:0,C:2,P:0)"
2014,摄像头,,九龙坡区田坝小学,重庆市渝中区伟仁电子产品经营部,普通小学教育,4.4255,compliance,0.6666666666666666,"关键词匹配(E:0,C:0,P:0)"
2014,含谷小学空调采购合同,,九龙坡区含谷镇小学,重庆大方电器有限公司,普通小学教育,1.362,compliance,0.6666666666666666,"关键词匹配(E:0,C:0,P:0)"
2014,含谷小学幼儿园维修合同,,九龙坡区含谷镇小学,重庆市隆福建筑（集团）有限公司,普通小学教育,0.6,compliance,0.5,"关键词匹配(E:0,C:1,P:0)"
2014,设备,,九龙坡区职业教育中心(中梁山矿务学校),重庆韬益商贸有限责任公司,中等职业学校教育,89.88,compliance,0.5,"关键词匹配(E:0,C:1,P:0)"
2014,含谷小学课桌采购合同,,九龙坡区含谷镇小学,重庆鑫茂教学设备有限公司,普通小学教育,1.75,compliance,0.6666666666666666,"关键词匹配(E:0,C:0,P:0)"
2014,卫生器材,,九龙坡区田坝小学,重庆普惠教学设备有限公司,普通小学教育,1.0325,compliance,0.75,"关键词匹配(E:0,C:0,P:1)"
2014,投影仪,,九龙坡区田坝小学,重庆迈歌商贸有限公司,普通小学教育,4.8152,compliance,0.6666666666666666,"关键词匹配(E:0,C:0,P:0)"
2014,含谷小学科学实验室装修合同,,九龙坡区含谷镇小学,重庆市隆福建筑（集团）有限公司,普通小学教育,3.0,compliance,0.6,"关键词匹配(E:0,C:1,P:1)"
2014,理科学会购买服务合同,,区科学技术协会,重庆市九龙坡区理科学会,科学研究和技术服务业,1.6,coordination,0.1,默认分类（通用政府采购）
2014,老科协防震减灾科普活动,,区科学技术协会,重庆市九龙坡区老科学技术协会,其他科技推广和应用服务业,0.88,coordination,0.1,默认分类（通用政府采购）
2014,楼顶防水,,九龙坡区田坝小学,重庆市科鸿防水工程有限公司,普通小学教育,19.265,compliance,0.6666666666666666,"关键词匹配(E:0,C:0,P:0)"
2014,渝中花园青少年科学工作室科普设备,,区科学技术协会,重庆博知源科技有限公司,其他科技推广和应用服务业,1.701,coordination,0.5,"关键词匹配(E:0,C:1,P:0)"
2014,劳技器材,,九龙坡区田坝小学,重庆普惠教学设备有限公司,普通小学教育,4.1034,compliance,0.6666666666666666,"关键词匹配(E:0,C:0,P:0)"
2014,三维打印机（增补）,,九龙坡区职业教育中心(中梁山矿务学校),重庆英卡机电设备有限公司,中等职业学校教育,4.99,compliance,0.5,"关键词匹配(E:0,C:1,P:0)"
2014,电子白板,,九龙坡区田坝小学,渝中区伟仁电子产品经营部,普通小学教育,4.8152,compliance,0.6666666666666666,"关键词匹配(E:0,C:0,P:0)"
2014,科普设备购销合同（九龙花园）,,区科学技术协会,上海智慧圆科普教育设备有限公司,科技推广和应用服务业,2.57,coordination,0.5,"关键词匹配(E:0,C:1,P:0)"
2014,理光复印机,,九龙坡区田坝小学,重庆八达电子工程有限公司,普通小学教育,1.0,compliance,0.5,"关键词匹配(E:0,C:1,P:0)"
2014,空调,,九龙坡区田坝小学,重庆腾丰电器有限公司,普通小学教育,4.31156,compliance,0.6666666666666666,"关键词匹配(E:0,C:0,P:0)"
2014,购销合同,,九龙坡区白市驿镇二小,重庆瀚然文化传播有限公司,批发和零售业,4.3412,coordination,0.1,默认分类（通用政府采购）
2014,购销合同,,九龙坡区白市驿镇二小,重庆轩宇科技开发有限公司,批发和零售业,6.7089,coordination,0.1,默认分类（通用政府采购）
2014,多媒体,,九龙坡区和平小学,重庆中原天罡电子有限公司,普通小学教育,,compliance,0.75,"关键词匹配(E:0,C:0,P:1)"
2014,课桌椅,,九龙坡区和平小学,重庆市澜林教学设备有限公司,普通小学教育,,compliance,0.6666666666666666,"关键词匹配(E:0,C:0,P:0)"
2014,施工合同,,九龙坡区白市驿镇二小,重庆昴顺花卉专业合作社,水利、环境和公共设施管理业,0.989,coordination,0.5,"关键词匹配(E:0,C:1,P:0)"
2014,购销合同,,九龙坡区白市驿镇二小,重庆映美科技发展有限公司,批发和零售业,67.9,coordination,0.1,默认分类（通用政府采购）
2014,购销合同,,九龙坡区白市驿镇二小,重庆同联机电设备安装工程有限公司,批发和零售业,24.785,coordination,0.1,默认分类（通用政府采购）
2014,购销合同,,九龙坡区白市驿镇二小,高新技术产业开发区逾越电子经营部,批发和零售业,4.6,coordination,0.1,默认分类（通用政府采购）
2014,购销合同,,九龙坡区白市驿镇二小,重庆普惠教学设备有限公司,制造业,3.9068,coordination,0.1,默认分类（通用政府采购）
2014,共青团山丹县委办公用品,,共青团山丹县委,山丹县新潮文具店,其他文教办公用品制造,0.57,coordination,0.5,"关键词匹配(E:0,C:1,P:0)"
2014,广播系统,,九龙坡区和平小学,重庆长邦科技有限公司,普通小学教育,,compliance,0.6666666666666666,"关键词匹配(E:0,C:0,P:0)"
2014,购销合同,,九龙坡区白市驿镇二小,重庆商社信息科技有限公司,批发和零售业,17.034,coordination,0.1,默认分类（通用政府采购）
2014,施工合同,,九龙坡区白市驿镇二小,重庆含谷建筑工程有限公司,建筑业,9.8807,coordination,0.75,"关键词匹配(E:0,C:1,P:0)"
2014,购销合同,,九龙坡区白市驿镇二小,重庆比菲商贸有限责任公司,批发和零售业,1.905,coordination,0.1,默认分类（通用政府采购）
2014,购销合同,,九龙坡区白市驿镇二小,重庆普惠教学设备有限公司,批发和零售业,5.953,coordination,0.1,默认分类（通用政府采购）
2014,购销合同,,九龙坡区白市驿镇二小,重庆佰中科技有限公司,计算机、通信和其他电子设备制造业,3.6,coordination,0.1,默认分类（通用政府采购）
2014,办公家具,,九龙坡区和平小学,重庆市澜林教学设备有限公司,普通小学教育,,coordination,0.4,"关键词匹配(E:0,C:2,P:0)"
2014,图书,,九龙坡区和平小学,重庆瀚然文化传播有限公司,普通小学教育,,compliance,0.75,"关键词匹配(E:0,C:0,P:1)"
2014,机房布线装修,,九龙坡区和平小学,重庆协康信息技术有限公司,普通小学教育,,compliance,0.5,"关键词匹配(E:0,C:1,P:0)"
2014,办公电脑,,九龙坡区和平小学,重庆骏派商贸有限公司,普通小学教育,,compliance,0.5,"关键词匹配(E:0,C:1,P:0)"
2014,数学科学仪器,,九龙坡区和平小学,重庆崇量科技有限公司,普通小学教育,,compliance,0.6666666666666666,"关键词匹配(E:0,C:0,P:0)"
2014,图书,,九龙坡区和平小学,重庆瀚然文化传播有限公司,普通小学教育,,compliance,0.75,"关键词匹配(E:0,C:0,P:1)"
2014,购销合同,,九龙坡区白市驿镇二小,四川海翔教学设备有限公司,批发和零售业,48.0,coordination,0.1,默认分类（通用政府采购）
2014,科技卫生器材,,九龙坡区和平小学,重庆洋洋仪器设备有限公司,普通小学教育,,compliance,0.75,"关键词匹配(E:0,C:0,P:1)"
2014,书籍购销合同,,区驿都实验学校(区白市驿镇一小),重庆市江北区久渝书店,书、报刊印刷,1.2,coordination,0.1,默认分类（通用政府采购）
2014,音体美器材,,九龙坡区和平小学,重庆昊睿教学用品有限责任公司,普通小学教育,,compliance,0.6666666666666666,"关键词匹配(E:0,C:0,P:0)"
2014,购销合同,,九龙坡区白市驿镇二小,高新技术产业开发区逾越电子经营部,批发和零售业,8.78,coordination,0.1,默认分类（通用政府采购）
2014,劳技器材,,九龙坡区和平小学,重庆洋洋仪器设备有限公司,普通小学教育,,compliance,0.6666666666666666,"关键词匹配(E:0,C:0,P:0)"
2014,重庆市政府采购货物购销合同,,区驿都实验学校(区白市驿镇一小),重庆同联机电设备安装工程有限公司,家用制冷电器具制造,1.7343,coordination,0.1,默认分类（通用政府采购）
2014,重庆市政府采购货物购销合同,,区驿都实验学校(区白市驿镇一小),重庆拓展电子有限公司,其他电子设备制造,0.161,coordination,0.1,默认分类（通用政府采购）
2014,施工合同,,九龙坡区白市驿镇二小,重庆含谷建筑工程有限公司,建筑业,44.817081,coordination,0.75,"关键词匹配(E:0,C:1,P:0)"
2014,重庆市一一一中学校窗帘采购合同,,重庆市一一一中学校,重庆市甬浩商贸发展有限公司,普通初中教育,9.4415,compliance,0.75,"关键词匹配(E:0,C:0,P:1)"
2014,含谷小学体育器材采购合同,,九龙坡区含谷镇小学,重庆文友文化用品有限公司,普通小学教育,0.8835,compliance,0.75,"关键词匹配(E:0,C:0,P:1)"
2014,重庆市一一一中学校电梯购销合同,,重庆市一一一中学校,重庆恒通电梯有限公司,普通初中教育,15.2,compliance,0.75,"关键词匹配(E:0,C:0,P:1)"
2014,重庆市一一一中学多媒体、班班通、触屏电视购销合同,,重庆市一一一中学校,重庆汇锦电子工程有限公司,普通初中教育,68.055,compliance,0.75,"关键词匹配(E:0,C:0,P:1)"
2014,重庆市一一一中学空调购销合同,,重庆市一一一中学校,重庆同联机电设备安装工程有限公司,普通初中教育,33.101,compliance,0.6666666666666666,"关键词匹配(E:0,C:0,P:0)"
2014,重庆市一一一中学教学及办公家具购销合同,,重庆市一一一中学校,重庆得意现代家具有限公司,普通初中教育,48.998,compliance,0.5,"关键词匹配(E:0,C:2,P:1)"
2014,功能室设备一批,,九龙坡区新凤小学校,重庆洋洋仪器设备有限公司,普通小学教育,1.6385,compliance,0.5,"关键词匹配(E:0,C:1,P:0)"
2014,办公桌椅,,九龙坡区新凤小学校,重庆广鑫教学设备有限公司,普通小学教育,5.605,compliance,0.5,"关键词匹配(E:0,C:1,P:0)"
2014,相机,,中共重庆市九龙坡区委老干部局,重庆灵丹科技有限公司,照相机及器材制造,0.845,coordination,0.1,默认分类（通用政府采购）
2014,电脑,,中共重庆市九龙坡区委老干部局,重庆佰中科技有限公司,计算机、软件及辅助设备零售,6.9,coordination,0.1,默认分类（通用政府采购）
2014,投影仪,,中共重庆市九龙坡区委老干部局,重庆同景办公设备有限公司,幻灯及投影设备制造,1.18,coordination,0.1,默认分类（通用政府采购）
2014,LED照明设备,,中共重庆市九龙坡区委老干部局,重庆龙大科技有限公司,照明灯具制造,10.0,coordination,0.5,"关键词匹配(E:0,C:1,P:0)"
2014,碎纸机,,中共重庆市九龙坡区委老干部局,重庆同景办公设备有限公司,其他办公设备维修,0.135,coordination,0.1,默认分类（通用政府采购）
2014,助听器,,中共重庆市九龙坡区委老干部局,重庆逻辑声听力器械有限公司,老年人、残疾人养护服务,4.0775,coordination,0.1,默认分类（通用政府采购）
2014,体育器材,,九龙坡区新凤小学校,重庆洋洋仪器设备有限公司,普通小学教育,3.567,compliance,0.75,"关键词匹配(E:0,C:0,P:1)"
2014,课桌凳采购,,重庆市人和中学（重庆电机厂子弟学校）,重庆昆鹏家具有限公司,制造业,10.395,coordination,0.1,默认分类（通用政府采购）
2014,管弦乐器材采购,,重庆市人和中学（重庆电机厂子弟学校）,重庆市天子之歌钢琴（集团）有限公司,文化、体育和娱乐业,8.528,coordination,0.1,默认分类（通用政府采购）
2014,管弦乐器材,,重庆市人和中学（重庆电机厂子弟学校）,重庆天子之歌钢琴(集团)有限公司,文化、体育和娱乐业,9.135,coordination,0.1,默认分类（通用政府采购）
2014,学校LED灯采购,,高新技术产业开发区巴山小学校,宁波市富鸿照明科技有限公司,其他专用设备制造,8.424,compliance,0.5,"关键词匹配(E:0,C:0,P:1)"
2014,电脑采购,,重庆市人和中学（重庆电机厂子弟学校）,重庆佰中科技有限公司,批发和零售业,0.3772,coordination,0.1,默认分类（通用政府采购）
2014,管弦乐器材采购,,重庆市人和中学（重庆电机厂子弟学校）,重庆天子之歌钢琴(集团)有限公司,文化、体育和娱乐业,8.817,coordination,0.1,默认分类（通用政府采购）
2014,多功能室采购椅子,,高新技术产业开发区巴山小学校,重庆逸菲特家居建材有限公司,塑料家具制造,3.395,coordination,0.1,默认分类（通用政府采购）
2014,电子教室网络布线,,高新技术产业开发区巴山小学校,重庆韬涵科技有限公司,通信系统设备制造,3.3985,coordination,0.5,"关键词匹配(E:0,C:1,P:0)"
2014,台式电脑和笔记本采购,,高新技术产业开发区巴山小学校,重庆骏派商贸有限公司,计算机制造,1.85,coordination,0.1,默认分类（通用政府采购）
2014,管弦乐器材采购,,重庆市人和中学（重庆电机厂子弟学校）,重庆天子之歌钢琴(集团)有限公司,文化、体育和娱乐业,8.52,coordination,0.1,默认分类（通用政府采购）
2014,图书及书架采购,,高新技术产业开发区巴山小学校,重庆驰誉教育科技有限公司,其他文化艺术业,3.7605,compliance,0.5,"关键词匹配(E:0,C:0,P:1)"
2014,科技、劳技室设备采购,,高新技术产业开发区巴山小学校,重庆普惠教学设备有限公司,其他批发业,8.8849,coordination,0.5,"关键词匹配(E:0,C:1,P:0)"
2014,人和中学改扩建电梯合同,,重庆市人和中学（重庆电机厂子弟学校）,恒达富士电梯有限公司,水利、环境和公共设施管理业,33.8,coordination,0.1,默认分类（通用政府采购）
2014,钢制学生上下床,,重庆市渝西中学,重庆市洋洋仪器设备有限公司,金属家具制造,,coordination,0.1,默认分类（通用政府采购）
2014,重庆市政府采购购销合同,,重庆市渝西中学,重庆洋洋仪器设备有限公司,金属家具制造,,coordination,0.1,默认分类（通用政府采购）
2014,重庆市政府采购购销安装合同,,重庆市渝西中学,重庆辰凯科技发展有限公司,其他餐饮业,,coordination,0.1,默认分类（通用政府采购）
2014,喷墨打印机采购,,重庆市人和中学（重庆电机厂子弟学校）,重庆拓展电子有限公司,批发和零售业,0.58051,coordination,0.5,"关键词匹配(E:0,C:1,P:0)"
2014,货物购销合同,,区驿都实验学校(区白市驿镇一小),重庆四通都成科技发展有限公司,其他互联网服务,29.132,coordination,0.1,默认分类（通用政府采购）
2014,重庆市政府采购购销与安装合同,,重庆市渝西中学,重庆大方电器有限公司,家用制冷电器具制造,,coordination,0.1,默认分类（通用政府采购）
2014,重庆市政府采购购销与安装合同,,重庆市渝西中学,重庆雪海建材商行,建筑装饰业,,coordination,0.1,默认分类（通用政府采购）
2014,重庆市政府采购购销与安装合同,,重庆市渝西中学,重庆洋洋仪器设备有限公司,其他家具制造,,coordination,0.1,默认分类（通用政府采购）
2014,办公室空调,,九龙坡区新凤小学校,重庆大方电器有限公司,普通小学教育,3.075,compliance,0.5,"关键词匹配(E:0,C:1,P:0)"
2014,重庆市政府采购货物购销合同,,区驿都实验学校(区白市驿镇一小),重庆骏派商贸有限公司,计算机整机制造,5.382,coordination,0.1,默认分类（通用政府采购）
2014,合同,,九龙坡区共和小学,重庆迅耀科技有限公司,制造业,0.5724,coordination,0.1,默认分类（通用政府采购）
2014,合同,,九龙坡区共和小学,重庆迅耀科技有限公司,教育,2.69,compliance,0.6666666666666666,"关键词匹配(E:0,C:0,P:0)"
2014,合同,,九龙坡区共和小学,中国移动通信集团重庆有限公司九龙坡分公司,互联网接入及相关服务,1.9992,coordination,0.1,默认分类（通用政府采购）
2014,合同,,九龙坡区共和小学,九龙坡区中梁山安业消防器材设备经营部,安全、消防用金属制品制造,0.454,coordination,0.1,默认分类（通用政府采购）
2014,合同,,九龙坡区共和小学,重庆载志商贸有限公司,制造业,0.6024,coordination,0.1,默认分类（通用政府采购）
2014,安宁市实验学校和平校区多媒体办公设备采购项目,,安宁市实验学校,昆明昱航科技有限公司,计算机和办公设备维修,36.688,compliance,0.5,"关键词匹配(E:0,C:2,P:3)"
2014,重庆市政府采购货物购销合同,,区驿都实验学校(区白市驿镇一小),重庆得意现代家具有限公司,其他家具制造,44.666,coordination,0.1,默认分类（通用政府采购）
2014,重庆市政府采购货物购销合同,,区驿都实验学校(区白市驿镇一小),重庆骏派商贸有限公司,计算机整机制造,3.168,coordination,0.1,默认分类（通用政府采购）
2014,安宁市实验学校和平校区课桌椅、高台床及办公柜具,,安宁市实验学校,云南永茂家具有限公司,家具零售,23.638,compliance,0.5,"关键词匹配(E:0,C:1,P:2)"
2014,合同,,九龙坡区共和小学,重庆九龙坡区安业消防器材设备经营部,公共设施管理业,0.583,coordination,0.1,默认分类（通用政府采购）
2014,安宁市实验学校和平校区高中探究实验仪器采购项目,,安宁市实验学校,云南义强教学仪器有限公司,实验分析仪器制造,49.854,compliance,0.75,"关键词匹配(E:0,C:0,P:3)"
2014,合同,,九龙坡区共和小学,重庆渝中区伟仁电子产品经营部,其他机械设备及电子产品批发,0.82,coordination,0.1,默认分类（通用政府采购）
2014,安宁市实验学校和平校区音体美器材用品采购项目,,安宁市实验学校,安宁博大文体办公用品经营部,文化、体育用品及器材批发,22.9676,compliance,0.6666666666666666,"关键词匹配(E:0,C:0,P:2)"
2014,安宁市实验学校和平校区高中通用技术仪器采购项目,,安宁市实验学校,云南义强教学仪器有限公司,教学专用仪器制造,47.9643,compliance,0.6666666666666666,"关键词匹配(E:0,C:0,P:2)"
2014,重庆市政府采购货物购销合同,,区驿都实验学校(区白市驿镇一小),重庆骏派商贸有限公司,计算机整机制造,3.87,coordination,0.1,默认分类（通用政府采购）
2014,合同,,九龙坡区共和小学,重庆瀚然文化传播有限公司,教育,2.718,compliance,0.6666666666666666,"关键词匹配(E:0,C:0,P:0)"
2014,合同,,九龙坡区共和小学,重庆金田厨具工程有限公司,住宿和餐饮业,0.324,coordination,0.1,默认分类（通用政府采购）
2014,合同,,九龙坡区共和小学,重庆松龙装饰工程有限公司,建筑业,0.9,coordination,0.6666666666666666,"关键词匹配(E:0,C:0,P:0)"
2014,合同,,九龙坡区共和小学,重庆瀚然文化传播有限公司,图书、报刊零售,0.797,coordination,0.1,默认分类（通用政府采购）
2014,安宁市农产品质量安全监督管理站办公用品电子产品采购项目,,安宁市农产品质量安全监督管理站,昆明金碧办公设备有限公司,文教办公用品制造,15.758,coordination,0.6666666666666666,"关键词匹配(E:0,C:2,P:0)"
2014,合同,,九龙坡区共和小学,九龙坡区中梁山高林经营部,制造业,1.98,coordination,0.1,默认分类（通用政府采购）
2014,合同,,九龙坡区共和小学,重庆松龙装饰工程有限公司,建筑装饰业,7.5,coordination,0.1,默认分类（通用政府采购）
2014,采购相机,,重庆解放碑中央商务区管理委员会,重庆旭达科技发展有限公司,照相机及器材制造,1.245,coordination,0.1,默认分类（通用政府采购）
2014,高台县人民法院办公用品购置,,高台县人民法院,高台县佰艺文体批发部,人民法院,0.24,coordination,0.3333333333333333,"关键词匹配(E:0,C:1,P:1)"
2014,重庆市九龙坡区渝西中学校多功能室及室外背景音乐音响设备及安装项目合同,,重庆市渝西中学,重庆百倍电子技术有限公司,音响设备制造,,coordination,0.3333333333333333,"关键词匹配(E:0,C:1,P:1)"
2014,技术服务合同,,国家外汇管理局,太极计算机股份有限公司,信息传输、软件和信息技术服务业,117.0,coordination,0.6666666666666666,"关键词匹配(E:0,C:0,P:0)"
2014,设备采购,,重庆市巴南区图书馆,重庆彩恒科技有限公司,图书馆,7.526,coordination,0.5,"关键词匹配(E:0,C:1,P:0)"
2014,设备采购,,重庆市巴南区图书馆,重庆彩恒科技有限公司,图书馆,3.39,coordination,0.5,"关键词匹配(E:0,C:1,P:0)"
2014,购销合同,,鱼洞南区学校,重庆聚艺影视舞台设备有限公司,普通初中教育,9.2,compliance,0.6666666666666666,"关键词匹配(E:0,C:0,P:0)"
2014,重庆市政府采购货物购销合同,,鱼洞南区学校,重庆彩恒科技有限公司,普通初中教育,9.9,compliance,0.6666666666666666,"关键词匹配(E:0,C:0,P:0)"
2014,办公家具采购合同,,鱼洞南区学校,巴南区中润良品家具经营部,普通初中教育,9.2,coordination,0.4,"关键词匹配(E:0,C:2,P:0)"
2014,科技功能室活动器材（械）设施设备,,九龙坡区天宝实验学校,重庆洋洋仪器设备有限公司,普通初中教育,2.1099,compliance,0.5,"关键词匹配(E:0,C:1,P:0)"
2014,美术功能室活动器材（械）设施设备,,九龙坡区天宝实验学校,重庆洋洋仪器设备有限公司,普通初中教育,1.100295,compliance,0.5,"关键词匹配(E:0,C:1,P:0)"
2014,音乐功能室活动器材（械）设施设备,,九龙坡区天宝实验学校,重庆洋洋仪器设备有限公司,普通初中教育,0.8206,compliance,0.5,"关键词匹配(E:0,C:1,P:0)"
2014,教学仪器设备项目,,九龙坡区天宝实验学校,重庆洋洋仪器设备有限公司,普通初中教育,1.6135,compliance,0.6,"关键词匹配(E:0,C:1,P:1)"
2014,卫生功能室活动器材（械）设施设备,,九龙坡区天宝实验学校,重庆洋洋仪器设备有限公司,普通初中教育,0.7964,compliance,0.6,"关键词匹配(E:0,C:1,P:1)"
2014,体育功能室活动器材（械）设施设备,,九龙坡区天宝实验学校,重庆洋洋仪器设备有限公司,普通初中教育,5.0253,compliance,0.6,"关键词匹配(E:0,C:1,P:1)"
2014,劳技功能室活动器材（械）设施设备,,九龙坡区天宝实验学校,重庆洋洋仪器设备有限公司,普通初中教育,3.145454,compliance,0.5,"关键词匹配(E:0,C:1,P:0)"
2014,管乐团乐器采购,,九龙坡区天宝实验学校,重庆市天子之歌钢琴（集团）有限公司,普通初中教育,8.52,compliance,0.6666666666666666,"关键词匹配(E:0,C:0,P:0)"
2014,管乐团乐器采购,,九龙坡区天宝实验学校,重庆市天子之歌钢琴（集团）有限公司,普通初中教育,8.817,compliance,0.6666666666666666,"关键词匹配(E:0,C:0,P:0)"
2014,管乐团乐器采购,,九龙坡区天宝实验学校,重庆市天子之歌钢琴（集团）有限公司,普通初中教育,8.528,compliance,0.6666666666666666,"关键词匹配(E:0,C:0,P:0)"
2014,重庆市政府采购货物购销合同,,鱼洞街道,重庆酷瑞科技有限公司,综合事务管理机构,1.72,coordination,0.1,默认分类（通用政府采购）
2014,巴南区双河口镇中心小学校厕所维修工程合同,,双河中心小学,重庆巴城建筑工程有限公司,普通小学教育,9.1,compliance,0.5,"关键词匹配(E:0,C:2,P:1)"
2014,重庆市巴南区双河口镇中心小学校校门工程施工合同,,双河中心小学,重庆凯旭建设工程有限公司,普通小学教育,7.86,compliance,0.5,"关键词匹配(E:0,C:2,P:1)"
2014,重庆市政府采购购销合同,,重庆市巴南区界石镇人民政府,重庆瑞原汽车销售有限公司,汽车零售,9.19,coordination,0.1,默认分类（通用政府采购）
2014,投影仪,,惠民中心小学,重庆志向科技有限公司(盖章),普通小学教育,0.45,compliance,0.6666666666666666,"关键词匹配(E:0,C:0,P:0)"
2014,重庆市政府采购货物购销合同,,重庆市巴南区界石镇人民政府,重庆迅歌科技有限公司,计算机、软件及辅助设备零售,1.6,coordination,0.1,默认分类（通用政府采购）
2014,采购激光打印机,,惠民东永小学,重庆彩恒科技有限公司,计算机、软件及辅助设备零售,0.345,coordination,0.5,"关键词匹配(E:0,C:1,P:0)"
2014,李家沱片区D线-龙洲湾片区雨污分流工程泵站项目合同,,城市管理局,重庆博高科技有限公司,污水处理及其再生利用,50.4512,coordination,0.5,"关键词匹配(E:0,C:1,P:0)"
2014,重庆市政府采购货物销售合同,,城市管理局,重庆市正欧科技有限公司,计算机、软件及辅助设备零售,0.55,coordination,0.1,默认分类（通用政府采购）
2014,李家沱小学佳能数码相机采购,,李家沱小学,重庆彩恒科技有限公司,普通小学教育,0.604,compliance,0.6666666666666666,"关键词匹配(E:0,C:0,P:0)"
2014,购销合同,,鱼洞街道,重庆腾龙体育设施有限公司,综合事务管理机构,1.476,coordination,0.1,默认分类（通用政府采购）
2014,重庆市政府采购货物购销合同,,巴南区固体废弃物运输有限公司,重庆耐德新明和工业有限公司,汽车整车制造,261.5,coordination,0.1,默认分类（通用政府采购）
2014,重庆市政府采购货物购销合同,,木洞镇,重庆彩恒科技有限公司,计算机、通信和其他电子设备制造业,2.143,coordination,0.1,默认分类（通用政府采购）
2014,重庆市政府采购货物购销合同,,木洞镇,重庆彩恒科技有限公司,计算机、通信和其他电子设备制造业,1.26,coordination,0.1,默认分类（通用政府采购）
2014,教学辅导资料采购协议,,教委,重庆新华传媒有限公司巴南新华书店,教育,95.0,compliance,0.75,"关键词匹配(E:0,C:0,P:1)"
2014,施工合同书,,一品初中,重庆元泰建筑安装工程有限公司,普通初中教育,4.5,compliance,0.5,"关键词匹配(E:0,C:1,P:0)"
2014,重庆市政府采购货物购销合同,,木洞镇,重庆彩恒科技有限公司,计算机、通信和其他电子设备制造业,3.856,coordination,0.1,默认分类（通用政府采购）
2014,重庆市政府采购货物购销合同,,木洞镇,重庆彩恒科技有限公司,计算机、通信和其他电子设备制造业,1.174,coordination,0.1,默认分类（通用政府采购）
2014,重庆市政府采购货物购销合同,,木洞镇,重庆彩恒科技有限公司,计算机、通信和其他电子设备制造业,1.68,coordination,0.1,默认分类（通用政府采购）
2014,重庆市政府采购货物购销合同,,木洞镇,重庆彩恒科技有限公司,计算机、通信和其他电子设备制造业,0.45,coordination,0.1,默认分类（通用政府采购）
2014,重庆市政府采购货物购销合同,,木洞镇,重庆彩恒科技有限公司,计算机、通信和其他电子设备制造业,0.46,coordination,0.1,默认分类（通用政府采购）
2014,重庆市政府采购货物购销合同,,木洞镇,重庆世纪行环境工程有限公司,制冷、空调设备制造,1.5264,coordination,0.1,默认分类（通用政府采购）
2014,重庆市政府采购货物购销合同,,木洞镇,重庆彩恒科技有限公司,计算机、通信和其他电子设备制造业,3.12,coordination,0.1,默认分类（通用政府采购）
2014,重庆市政府采购货物购销合同,,木洞镇,重庆彩恒科技有限公司,计算机、通信和其他电子设备制造业,0.125,coordination,0.1,默认分类（通用政府采购）
2014,重庆市政府采购货物购销合同,,木洞镇,重庆市巴南区自行车贸易公司,制冷、空调设备制造,1.92,coordination,0.1,默认分类（通用政府采购）
2014,重庆市政府采购货物购销合同,,木洞镇,重庆市巴南区自行车贸易公司,制冷、空调设备制造,1.0,coordination,0.1,默认分类（通用政府采购）
2014,重庆市政府采购货物购销合同,,木洞镇,重庆彩恒科技有限公司,计算机、通信和其他电子设备制造业,0.228,coordination,0.1,默认分类（通用政府采购）
2014,重庆市政府采购货物购销合同,,木洞镇,重庆市巴南区自行车贸易公司,制冷、空调设备制造,0.25,coordination,0.1,默认分类（通用政府采购）
2014,重庆市政府采购货物购销合同,,木洞镇,重庆彩恒科技有限公司,计算机、通信和其他电子设备制造业,2.49,coordination,0.1,默认分类（通用政府采购）
2014,重庆市政府采购货物购销合同,,木洞镇,重庆市巴南区自行车贸易公司,制冷、空调设备制造,0.735,coordination,0.1,默认分类（通用政府采购）
2014,重庆市政府采购货物购销合同,,木洞镇,重庆市巴南区自行车贸易公司,制冷、空调设备制造,1.4,coordination,0.1,默认分类（通用政府采购）
2014,重庆市巴南职业教育中心学生床上用品,,重庆市巴南职业教育中心,沙坪坝区琳宇床上用品制造厂,教育,7.21,compliance,0.75,"关键词匹配(E:0,C:0,P:1)"
2014,重庆市巴南职业教育中心空调1台,,重庆市巴南职业教育中心,重庆世纪行环境工程有限公司,教育,0.451,compliance,0.75,"关键词匹配(E:0,C:0,P:1)"
2014,巴南职业教育中心电视机,,重庆市巴南职业教育中心,重庆滢轩科技发展有限公司,教育,28.912,compliance,0.75,"关键词匹配(E:0,C:0,P:1)"
2014,重庆市巴南职业教育中心电脑60台,,重庆市巴南职业教育中心,重庆尚方科技发展有限公司,教育,20.76,compliance,0.75,"关键词匹配(E:0,C:0,P:1)"
2014,重庆市巴南职业教育中心格力空调11台,,重庆市巴南职业教育中心,重庆世纪行环境工程有限公司,教育,2.86,compliance,0.75,"关键词匹配(E:0,C:0,P:1)"
2014,丰盛小学空调采购合同,,丰盛中心小学,重庆健福环境设备有限公司,普通小学教育,3.63,compliance,0.6666666666666666,"关键词匹配(E:0,C:0,P:0)"
2014,重庆市政府采购货物购销合同（协议号：F64E2B3C03）,,区文物管理所,重庆彩恒科技有限公司,计算机、软件及辅助设备零售,3.215,coordination,0.1,默认分类（通用政府采购）
2014,塑草产品购销合同,,重庆市巴南区东温泉镇中心学校,重庆中飞商贸有限公司,普通小学教育,6.152,compliance,0.6666666666666666,"关键词匹配(E:0,C:0,P:0)"
2014,全自动呼吸机,,重庆市巴南区南泉街道社区卫生服务中心,重庆鑫聪医疗器械有限公司,卫生和社会工作,21.8,compliance,0.6666666666666666,"关键词匹配(E:0,C:0,P:0)"
2014,肺功能仪,,重庆市巴南区中医院,重庆奥赛卡医疗设备有限公司,医疗诊断、监护及治疗设备制造,13.8,compliance,0.6666666666666666,"关键词匹配(E:0,C:0,P:0)"
2014,购销合同,,重庆市巴南区麻柳嘴镇卫生院,重庆合晟医疗设备有限公司,乡镇卫生院,1.68,compliance,0.6666666666666666,"关键词匹配(E:0,C:0,P:0)"
2014,销售合同,,重庆市巴南区麻柳嘴镇卫生院,重庆合晟医疗设备有限公司,乡镇卫生院,0.98,compliance,0.6666666666666666,"关键词匹配(E:0,C:0,P:0)"
2014,采购打印机和台式电脑、笔记本电脑,,国资办,重庆市聆听电脑经营部,计算机、软件及辅助设备零售,4.5049,coordination,0.5,"关键词匹配(E:0,C:1,P:0)"
2014,采购台式电脑和打印机,,国资办,重庆市正欧科技有限公司,计算机、软件及辅助设备零售,0.386,coordination,0.5,"关键词匹配(E:0,C:1,P:0)"
2014,采购台式电脑,,国资办,重庆市聆听电脑经营部,计算机、软件及辅助设备零售,1.5,coordination,0.1,默认分类（通用政府采购）
2014,采购路由器,,国资办,重庆优速科技有限公司,计算机、软件及辅助设备零售,0.69,coordination,0.1,默认分类（通用政府采购）
2014,采购打印机壹台和台式机电脑两套,,国资办,重庆市聆听电脑经营部,计算机、软件及辅助设备零售,1.0849,coordination,0.5,"关键词匹配(E:0,C:1,P:0)"
2014,采购打印机和台式电脑,,国资办,重庆尚方科技发展有限公司,计算机、软件及辅助设备零售,0.61,coordination,0.5,"关键词匹配(E:0,C:1,P:0)"
2014,采购笔记本电脑壹台,,国资办,重庆新世纪办公设备有限公司,计算机、软件及辅助设备零售,0.448,coordination,0.1,默认分类（通用政府采购）
2014,采购台式电脑,,国资办,重庆市正欧科技有限公司,计算机、软件及辅助设备零售,0.368,coordination,0.1,默认分类（通用政府采购）
2014,采购服务器,,国资办,重庆尚方科技发展有限公司,计算机、软件及辅助设备零售,4.1,coordination,0.1,默认分类（通用政府采购）
2014,中共山丹县委山丹县人民政府信访局印刷合同,,中共山丹县委山丹县人民政府信访局,山丹县天伦印务店,装订及印刷相关服务,0.43548,coordination,0.3333333333333333,"关键词匹配(E:0,C:1,P:1)"
2014,胰岛素输注泵,,重庆市巴南区中医院,重庆万联医疗设备有限公司,医疗诊断、监护及治疗设备制造,3.7,compliance,0.6666666666666666,"关键词匹配(E:0,C:0,P:0)"
2014,3M快速生物阅读仪,,重庆市巴南区中医院,重庆泰舒贸易有限公司,其他医疗设备及器械制造,4.85,compliance,0.75,"关键词匹配(E:0,C:0,P:1)"
2014,二氧化碳细胞培养箱,,重庆市巴南区中医院,重庆双泰科技有限公司,其他医疗设备及器械制造,3.8,compliance,0.6666666666666666,"关键词匹配(E:0,C:0,P:0)"
2014,CJ-I亚低温治疗仪（电子冰帽）,,重庆市巴南区中医院,重庆弘轩医疗器械有限公司,医疗诊断、监护及治疗设备制造,1.68,compliance,0.75,"关键词匹配(E:0,C:0,P:1)"
2014,重庆市政府采购货物购销合同,,重庆市巴南区跳石镇卫生院,南昌市华荣医疗设备有限公司,医疗实验室及医用消毒设备和器具制造,14.89,compliance,0.6666666666666666,"关键词匹配(E:0,C:0,P:0)"
2014,德国WOLF输尿管肾镜,,重庆市巴南区中医院,重庆迈博医疗器械有限公司,医疗诊断、监护及治疗设备制造,6.8,compliance,0.6666666666666666,"关键词匹配(E:0,C:0,P:0)"
2014,振动排痰机,,重庆市巴南区中医院,重庆谱钛科技有限公司,医疗诊断、监护及治疗设备制造,1.97,compliance,0.6666666666666666,"关键词匹配(E:0,C:0,P:0)"
2014,CT保养维修协议,,重庆市巴南区中医院,重庆深工科技发展有限公司,其他专用设备制造,5.5,coordination,0.3333333333333333,"关键词匹配(E:0,C:1,P:1)"
2014,十二导联心电分析系统（CV200）,,重庆市巴南区中医院,重庆康吉医疗器械有限公司,医疗诊断、监护及治疗设备制造,2.3,compliance,0.6666666666666666,"关键词匹配(E:0,C:0,P:0)"
2014,重庆市政府采购货物合同,,园林所,重庆安进科技有限公司,绿化管理,0.485,coordination,0.1,默认分类（通用政府采购）
2014,民航天津空管分局程控交换机采购与安装项目合同书,,中国民用航空华北地区空中交通管理局天津分局,北京广易通计算机网络通讯系统有限责任公司,信息传输、软件和信息技术服务业,89.496162,coordination,0.6666666666666666,"关键词匹配(E:0,C:0,P:0)"
2014,中国民用航空华北地区空中交通管理局天津分局--华北空管局批复“新航管楼、塔台会议室设备”项目合同,,中国民用航空华北地区空中交通管理局天津分局,天津市科达隆科技发展有限公司,科学研究和技术服务业,148.325,coordination,0.8,"关键词匹配(E:0,C:4,P:0)"
2014,2016-03-00164,,青海省妇幼保健院,信息产业电子第十一设计研究院科技工程股份有限公司,妇幼保健院（所、站）,0.0005,coordination,0.1,默认分类（通用政府采购）
2014,2016-03-00162,,青海省妇幼保健院,青海九零六工程勘察设计院,妇幼保健院（所、站）,0.00037,coordination,0.1,默认分类（通用政府采购）
2014,2016-03-00160,,青海省妇幼保健院,信息产业第十一设计研究院工程股份有限公司青海分公司,妇幼保健院（所、站）,0.0015,coordination,0.1,默认分类（通用政府采购）
2014,2016-03-00161,,青海省妇幼保健院,西宁市环境科学研究所,妇幼保健院（所、站）,0.00085,coordination,0.1,默认分类（通用政府采购）
2014,国家地下水监测工程（水利部分）岩石监测井物探勘察合同书,,水利部水利信息中心,陕西省水工程勘察规划研究院,水利、环境和公共设施管理业,1226.4481,coordination,0.6666666666666666,"关键词匹配(E:0,C:2,P:0)"
2014,广州海事局综合监管系统工程项目技术开发合同,,中华人民共和国广州海事局,杭州奥海科技有限公司,国家行政机构,266.78,coordination,0.5,"关键词匹配(E:0,C:1,P:0)"
2014,河北海事局唐山船舶溢油应急设备库工程快布放围油栏采购合同,,中华人民共和国河北海事局,青岛欧森海事技术服务有限公司,交通运输、仓储和邮政业,128.866,coordination,0.6666666666666666,"关键词匹配(E:0,C:2,P:1)"
2014,潜没式大型卸载泵采购合同,,中华人民共和国,青岛欧森海事技术服务有限公司,交通运输、仓储和邮政业,270.1,coordination,0.6666666666666666,"关键词匹配(E:0,C:0,P:0)"
2014,河北海事局唐山船舶溢油应急设备库工程设备采购——起重机买卖合同,,中华人民共和国河北海事局,科尼起重机设备（上海）有限公司,交通运输、仓储和邮政业,36.98,coordination,0.7142857142857143,"关键词匹配(E:0,C:3,P:1)"
2014,河北海事局唐山船舶溢油应急设备库工程大型收油机采购合同,,中华人民共和国河北海事局,代斯米泵业技术(苏州)有限公司,交通运输、仓储和邮政业,190.7968,coordination,0.6666666666666666,"关键词匹配(E:0,C:2,P:1)"
2014,河北海事局唐山船舶溢油应急设备库工程设备采购合同,,中华人民共和国河北海事局,中联重科股份有限公司,交通运输、仓储和邮政业,165.0,coordination,0.7142857142857143,"关键词匹配(E:0,C:3,P:1)"
2014,河北海事局唐山船舶溢油应急设备库工程设备采购合同——应急运输车,,中华人民共和国河北海事局,秦皇岛市鑫阳汽车销售有限公司,交通运输、仓储和邮政业,75.8,coordination,0.6666666666666666,"关键词匹配(E:0,C:4,P:2)"
2014,河北海事局唐山船舶溢油应急设备库工程--中型收油机,,中华人民共和国河北海事局,加拿大水神溢油应急公司,交通运输、仓储和邮政业,166.1796,coordination,0.6666666666666666,"关键词匹配(E:0,C:2,P:1)"
2014,唐山船舶溢油应急设备库工程设备采购合同,,中华人民共和国河北海事局,青岛华海环保工业有限公司,交通运输、仓储和邮政业,211.0,coordination,0.7142857142857143,"关键词匹配(E:0,C:3,P:1)"
2014,河北海事局唐山船舶溢油应急设备库工程设备采购合同——拖头车、拖车板,,中华人民共和国河北海事局,天津惠驰汽车销售服务有限公司,交通运输、仓储和邮政业,66.5,coordination,0.7142857142857143,"关键词匹配(E:0,C:3,P:1)"
2014,建设工程设计合同,,天津海事测绘中心,中交第一航务工程勘察设计院有限公司,交通运输、仓储和邮政业,35.0,coordination,0.8333333333333334,"关键词匹配(E:0,C:3,P:0)"
2014,青岛航标处台式机批量采购,,青岛航标处,同方股份有限公司,交通运输、仓储和邮政业,3.195,coordination,0.6666666666666666,"关键词匹配(E:0,C:0,P:0)"
2014,中央单位批量集中采购简易合同,,青岛航标处,同方股份有限公司,交通运输、仓储和邮政业,10.2,coordination,0.6666666666666666,"关键词匹配(E:0,C:0,P:0)"
2014,交通运输部北海航海保障中心天津海事测绘中心北方海区重点港口水文信息服务系统（一期工程)更正公告,,天津海事测绘中心,中交第一航务工程勘察设计院有限公司,交通运输、仓储和邮政业,392.5124,coordination,0.7142857142857143,"关键词匹配(E:1,C:3,P:0)"
2014,国家地下水监测工程（水利部分）初步设计合同书,,水利部水利信息中心,河南黄河水文勘测设计院,其他专业技术服务业,2243.724,coordination,0.75,"关键词匹配(E:0,C:3,P:0)"
2014,采购空调,,永川区三官殿小学,重庆市广度商贸有限公司,计算机、通信和其他电子设备制造业,2.03,coordination,0.1,默认分类（通用政府采购）
2014,莱州航标保养基地改造及装饰工程,,交通运输部北海航海保障中心烟台航标处,莱州鲁兴建设有限公司,交通运输、仓储和邮政业,224.816653,coordination,0.8333333333333334,"关键词匹配(E:0,C:3,P:0)"
2014,民航华北空管生产运行中心工程工艺设备施工监理合同,,中国民用航空华北地区空中交通管理局,北京博誉达工程监理有限咨询公司,航空运输业,161.55,coordination,0.8,"关键词匹配(E:0,C:4,P:0)"
2014,国家能源局东北监管局房屋租赁合同,,国家能源局东北监管局,沈阳合兴丰润投资有限公司,电力、热力、燃气及水生产和供应业,370.0,coordination,0.1,默认分类（通用政府采购）
2014,《北碚区城市绿地系统规划》修编,,重庆市北碚区住房和城乡建设委员会,重庆市风景园林规划研究院,居民服务、修理和其他服务业,100.0,coordination,0.5,"关键词匹配(E:0,C:1,P:0)"
2014,重庆市北碚区云政务系统功能测评服务项目,,重庆市北碚区信息中心,工业和信息化部电子第五研究所,居民服务、修理和其他服务业,27.4,coordination,0.1,默认分类（通用政府采购）
2014,电脑设备采购,,重庆市九龙坡区卫生健康综合行政执法支队,重庆卓勤科技有限公司,制造业,0.9471,coordination,0.5,"关键词匹配(E:0,C:1,P:0)"
2014,多功能胃肠治疗仪,,重庆市九龙坡区人民医院,重庆腾跃医疗器械有限公司,制造业,3.8,compliance,0.5,"关键词匹配(E:0,C:0,P:1)"
2014,黄桷坪街道滩子口社区办公用房装修,,九龙坡区黄桷坪街道办事处,重庆淞渝建筑维修服务有限公司,建筑业,40.0,coordination,0.6666666666666666,"关键词匹配(E:0,C:2,P:1)"
2014,公共场所创卫物资采购,,重庆市九龙坡区卫生健康综合行政执法支队,重庆祥福广告有限责任公司,居民服务、修理和其他服务业,13.445,coordination,0.1,默认分类（通用政府采购）
2014,办公设备,,九龙坡区医学会(区卫生培训中心),重庆佰中科技有限公司,制造业,0.68,coordination,0.6666666666666666,"关键词匹配(E:0,C:2,P:0)"
2014,教学用电脑,,重庆市工艺美术学校,重庆骏派商贸有限公司,制造业,51.33,compliance,0.5,"关键词匹配(E:0,C:0,P:1)"
2014,教室防眩作业灯,,重庆市九龙坡区田坝小学校,宁波富鸿照明科技有限公司,制造业,4.32,coordination,0.1,默认分类（通用政府采购）
2014,计算机及网络设备维护服务,,区公共资源综合交易管理办公室,重庆骏派商贸有限公司,居民服务、修理和其他服务业,6.0,coordination,0.6666666666666666,"关键词匹配(E:0,C:2,P:0)"
2014,管弦乐器材,,重庆市人和中学,重庆市天子之歌钢琴（集团）有限公司,制造业,8.817,coordination,0.1,默认分类（通用政府采购）
2014,电梯四台和二次供水泵两台采购合同,按合同,石柱县建设委员会机关,重庆渝城电梯有限公司,,120.0,coordination,0.5,"关键词匹配(E:0,C:1,P:0)"
2014,照相机采购合同,佳能,涪陵区荔枝办事处,重庆市涪陵时代电脑有限公司,,0.85,coordination,0.1,默认分类（通用政府采购）
2014,大渡口区社会安全事件应急联动指挥系统建设项目采购合同,无,重庆市公安局大渡口区分局,重庆林鸥监理咨询有限公司,,6.62059,coordination,0.3333333333333333,"关键词匹配(E:0,C:1,P:1)"
2014,电信运营商传输线路租用服务采购合同,无,重庆市公安局大渡口区分局,中国电信股份有限公司重庆分公司,,228.744,coordination,0.1,默认分类（通用政府采购）
2014,国土事务中心采购合同,无,重庆市巴南区国土资源管理分局,重庆三大律师事务所,,5.0,extractive,0.5,"关键词匹配(E:1,C:0,P:0)"
2014,产床采购合同,维怡,双桥经开区人民医院,湖北迈欣生物科技有限公司,,4.8,coordination,0.1,默认分类（通用政府采购）
2014,空调采购合同,格力,重庆市大足区信访办公室,重庆市大足区金峰电子电器有限公司,,4.627232,coordination,0.1,默认分类（通用政府采购）
2014,农业服务中心装修购物一批采购合同,无,重庆市大足区铁山镇人民政府,重庆晴点广告装饰有限公司,,10.8,coordination,0.5,"关键词匹配(E:0,C:1,P:0)"
2014,2014年昆区黄河社区黄河小区三、四区综合治理改造工程,1046000,包头市昆都仑区住房和城乡建设局,内蒙古多运建设工程有限责任公司,,104.6,coordination,0.5,"关键词匹配(E:0,C:2,P:1)"
2014,2014年昆区黄河社区黄河小区一、二区综合治理改造工程,1050000,包头市昆都仑区住房和城乡建设局,内蒙古多运建设工程有限责任公司,,105.0,coordination,0.5,"关键词匹配(E:0,C:2,P:1)"
2014,2014年钢铁大街以南老旧小区综合治理改造工程监理,309900,包头市昆都仑区住房和城乡建设局,内蒙古星元建设监理有限公司,,30.99,coordination,0.75,"关键词匹配(E:0,C:3,P:0)"
2014,汕头市潮阳第四中学修缮工程定点议价采购合同,其他建筑物、构筑物修缮,汕头市潮阳第四中学,广东聚丰美建设有限公司,,19.088173,coordination,0.75,"关键词匹配(E:0,C:3,P:0)"
2014,马鞍山市生活垃圾焚烧发电BOT特许经营项目,马鞍山市生活垃圾焚烧发电BOT特许经营项目,马鞍山市环境卫生管理处,光大江东环保能源（马鞍山）有限公司,,,compliance,0.6666666666666666,"关键词匹配(E:0,C:0,P:2)"
