年份,序号,采购人,合同名称,ML预测,Claude判断,一致
2012,1,中国人民政治协商会议甘肃省静宁县委员会,中国人民政治协商会议甘肃省静宁县委员会采购饮水机,协调能力,协调能力,✓
2012,2,铜元局街道,重庆市政府采购货物购销合同,协调能力,协调能力,✓
2012,3,重庆市荣昌区环境保护局,车辆采购合同,协调能力,合规能力,✗
2012,4,重庆市万盛经济技术开发区国土房管局,不动产登记中心采购电脑采购合同,协调能力,协调能力,✓
2012,5,平罗县司法局,办公设备采购合同,合规能力,合规能力,✓
2012,6,永荣中学,报警对讲设备采购合同,协调能力,协调能力,✓
2012,7,永荣中学,安防智能平台采购合同,协调能力,协调能力,✓
2012,8,重庆市垫江县三溪镇卫生院,垫江县三溪镇卫生院中医馆整修工程采购合同,协调能力,协调能力,✓
2012,9,重庆市万盛经济技术开发区国土房管局,采煤沉限区受损农房等级复核鉴定开展采购合同,协调能力,协调能力,✓
2012,10,重庆市万盛经济技术开发区国土房管局,国土空间规划科购笔记本电脑采购合同,协调能力,协调能力,✓
2012,11,重庆市万盛经济技术开发区国土房管局,专项业务费-万盛经开区2020年矿产资源技术支撑及矸石山安全监管技术服务采购合同,协调能力,协调能力,✓
2012,12,重庆市万盛经济技术开发区国土房管局,万盛经开区矿产资源总体规划（2021-2025）和规划环境影响评价报告采购合同,协调能力,协调能力,✓
2012,13,重庆市万盛经济技术开发区国土房管局,农村土地房屋和集体土地所有权成果质量验收采购合同,协调能力,协调能力,✓
2012,14,重庆市万盛经济技术开发区国土房管局,农村乱占耕地建房问题摸排技术服务采购合同,协调能力,协调能力,✓
2012,15,重庆市綦江区精神卫生中心,办公桌椅一批采购合同,协调能力,协调能力,✓
2012,16,重庆市綦江区精神卫生中心,病房库房定制柜采购合同,协调能力,协调能力,✓
2012,17,重庆市綦江区精神卫生中心,医疗仪器采购合同,协调能力,协调能力,✓
2012,18,盐池县医疗保障局本级,计算机设备销售合同,协调能力,协调能力,✓
2012,19,盐池县医疗保障局本级,计算机设备销售合同,协调能力,协调能力,✓
2012,20,翁源县中医院,翁源县中医院发热门诊、负压病房、重症监护室及医用气体等科室专用设备及配套安装采购项目,协调能力,协调能力,✓
2012,21,包头市昆都仑区住房和城乡建设局,昆区佳园小区北区硬化工程施工3标段,协调能力,协调能力,✓
2012,22,榆林职业技术学院,榆林职业技术学院林学院后勤整体选择委托管理,协调能力,协调能力,✓
2012,23,汕头市龙湖区住房和城乡建设局,汕头市龙湖区老旧小区改造项目--2023年度改造任务全过程项目管理咨询服务,协调能力,协调能力,✓
2012,24,广元市苍溪生态环境局,苍溪县非正规垃圾填埋场防渗改造项目监理服务,协调能力,合规能力,✗
2012,25,潮州市潮安区储备粮管理中心,潮州市潮安区储备粮管理中心修缮工程定点议价采购合同,协调能力,协调能力,✓
2012,26,伊春市老干部服务中心,印刷服务（电话本45元*6本=270元),协调能力,协调能力,✓
2012,27,伊春市老干部服务中心,办公设备打印机、复印机维修维护,协调能力,协调能力,✓
2012,28,黑龙江省垦区公安局绥化分局,男性家族排查系统建设（二期）,合规能力,合规能力,✓
2012,29,大兴安岭地区市场监督管理局,1230,合规能力,合规能力,✓
2012,30,铁力市妇女联合会,（铁财购核字[2022]01435号）房屋维修,协调能力,协调能力,✓
2012,31,漠河市阳光社区卫生服务中心,关于漠河市阳光社区卫生服务中心车辆维修和保养服务项目,协调能力,协调能力,✓
2012,32,哈尔滨市香坊区消防救援大队,印刷宣传品,协调能力,协调能力,✓
2012,33,黑河市爱辉区林业和草原局,条幅、宣传单,协调能力,协调能力,✓
2012,34,铁力市林业和草原局,改造车库项目,协调能力,协调能力,✓
2012,35,逊克县逊河镇大公河村民委员会,逊河镇大公河村清淤修路项目,协调能力,协调能力,✓
2012,36,大庆市大同区统计局,表格印刷,提取能力,提取能力,✓
2012,37,泰来县图书馆,博物馆可移动文物监理费,协调能力,协调能力,✓
2012,38,中国共产党南岔县纪律检查委员会、南岔县监察委员会,审查调查实务手册,合规能力,合规能力,✓
2012,39,大庆市大同区总工会,会议记录薄,协调能力,协调能力,✓
2012,40,哈尔滨市文化广电和旅游局,招商资料印刷,协调能力,协调能力,✓
2012,41,湛江经济技术开发区硇洲卫生院,湛江经济技术开发区硇洲卫生院印刷服务定点议价采购合同,协调能力,协调能力,✓
2012,42,湛江经济技术开发区硇洲卫生院,湛江经济技术开发区硇洲卫生院印刷服务定点议价采购合同,协调能力,协调能力,✓
2012,43,同江市农村公路养护中心,2022年度养护业务车辆维修服务,协调能力,协调能力,✓
2012,44,合肥市生活废弃物管理中心,合肥市生活垃圾焚烧发电厂特许经营项目,协调能力,协调能力,✓
2012,45,黑龙江省重竞技运动管理中心,重竞技运动管理中心改扩建项目一期工程,协调能力,协调能力,✓
2012,46,合肥市生活废弃物管理中心,合肥市生活垃圾焚烧发电厂特许经营项目,协调能力,协调能力,✓
2012,47,合肥市生活废弃物管理中心,合肥市生活垃圾焚烧发电厂特许经营项目,协调能力,协调能力,✓
2012,48,东北农业大学,后勤处烘干机质保金退回,协调能力,协调能力,✓
2012,49,晋中学院,新校区学生公寓楼建设合同,协调能力,协调能力,✓
2012,50,山西传媒学院,建设工程施工合同-山西传媒艺术学院（筹）校区演播与制作中心工程施工五标段,协调能力,协调能力,✓
2012,51,山西传媒学院,山西传媒艺术学院（筹）校区图书馆、学生素质拓展中心、国家动画和传媒创业中心工程施工四标段,协调能力,协调能力,✓
2013,1,渭源县人民医院,渭源县人民医院医疗设备采购项目供货合同(第二包）,协调能力,协调能力,✓
2013,2,水利部水利信息中心,高分水利业务示范应用平台开发,协调能力,协调能力,✓
2013,3,皋兰县教育局,皋兰县第一中学等五所学校装配三机位高清录播教室项目供货合同,协调能力,协调能力,✓
2013,4,甘肃省监狱管理局,甘肃省监狱管理局定西监狱“四防一体”及安防设施采购项目合同书,合规能力,合规能力,✓
2013,5,安徽科技学院,安徽科技学院图书采购,协调能力,协调能力,✓
2013,6,甘肃省兰州高速公路管理处,兰州站广场及大桥照明设施维修政府采购项目合同,协调能力,协调能力,✓
2013,7,上海市普陀区市政管理中心,普陀区2013年未纳管污染源改造工程（二标段）施工总承包合同,协调能力,协调能力,✓
2013,8,九龙坡区走马镇中学,办公笔记本合同,协调能力,协调能力,✓
2013,9,重庆市中西医结合康复医院,销售合同,协调能力,协调能力,✓
2013,10,甘肃省中医院,甘肃省中医院停车场车辆进出口道闸免取卡收费系统政府采购项目合同,协调能力,协调能力,✓
2013,11,上海市浦东新区废弃物管理中心,浦东新区郊区生活垃圾清运合同,协调能力,协调能力,✓
2013,12,国家海洋局第二海洋研究所,海洋地球物理数据可视化3维立体展示系统软件合同,协调能力,协调能力,✓
2013,13,国家海洋局第二海洋研究所,采购帧同步器进机卡、HPML350pR08服务器、系统应用软件项目合同,协调能力,协调能力,✓
2013,14,中国人口宣传教育中心,中国人口宣传教育中心媒体资产管理信息系统项目政府采购合同,协调能力,协调能力,✓
2013,15,北碚区疾控中心,设备安装合同,协调能力,协调能力,✓
2013,16,北碚区疾控中心,射线防护制品合同书,协调能力,协调能力,✓
2013,17,北碚区疾控中心,仪器设备购销合同,协调能力,协调能力,✓
2013,18,北碚区疾控中心,仪器设备购销合同,协调能力,协调能力,✓
2013,19,北碚区疾控中心,北碚区政府采购货物购销合同,协调能力,协调能力,✓
2013,20,北碚区疾控中心,北碚区政府货物采购购销合同,协调能力,协调能力,✓
2013,21,北碚区疾控中心,北碚区政府货物采购购销合同,协调能力,协调能力,✓
2013,22,北碚区疾控中心,仪器设备购销合同,协调能力,协调能力,✓
2013,23,北碚区疾控中心,采购合同,协调能力,协调能力,✓
2013,24,北碚区疾控中心,重庆市政府采购货物购销合同,协调能力,协调能力,✓
2013,25,北碚区疾控中心,仪器设备购销合同,协调能力,协调能力,✓
2013,26,北碚区疾控中心,实验室设备采购合同,协调能力,协调能力,✓
2013,27,北碚区疾控中心,仪器设备购销合同,协调能力,协调能力,✓
2013,28,北碚区疾控中心,北碚区政府货物采购购销合同,协调能力,协调能力,✓
2013,29,北碚区疾控中心,建设工程委托监理合同,协调能力,协调能力,✓
2013,30,秦安县文化广播影视局,秦安县文化广播影视局“送戏下乡”演出服务项目竞争性磋商招标公告,协调能力,协调能力,✓
2013,31,上海市普陀区绿化和市容管理局,普陀区生态专项建设工程Ⅲ标施工,协调能力,协调能力,✓
2013,32,重庆市九龙坡区西彭园区实验小学校,采访话筒购买合同,协调能力,协调能力,✓
2013,33,重庆市九龙坡区西彭园区实验小学校,激光笔购买合同,协调能力,协调能力,✓
2013,34,重庆市九龙坡区西彭园区实验小学校,重庆市政府采购货物购销合同,协调能力,协调能力,✓
2013,35,九龙坡区房屋管理局,采购斯柯达昊锐1.4t小轿车,协调能力,协调能力,✓
2013,36,九龙坡区房屋管理局,九龙坡区房管局石桥铺房管所采购斯柯达昊锐1.4t小轿车,协调能力,协调能力,✓
2013,37,九龙坡区房屋管理局,征收中心维修办公室等合同,协调能力,协调能力,✓
2013,38,九龙坡区档案局,重庆市九龙坡区档案局爱国主义教育基地软件制作合同,协调能力,协调能力,✓
2013,39,九龙坡区档案局,重庆市九龙坡区档案局爱国主义教育基地多媒体设备采购合同,协调能力,协调能力,✓
2013,40,九龙坡区房屋管理局,九龙坡区房管局所需车辆采购合同,协调能力,协调能力,✓
2013,41,九龙坡区档案局,重庆市九龙坡区档案局爱国主义教育基地项目工程合同,协调能力,协调能力,✓
2013,42,九龙坡区档案局,大修施工合同,协调能力,协调能力,✓
2013,43,九龙坡区档案局,汽车销售合同,协调能力,协调能力,✓
2013,44,九龙坡区档案局,重庆市九龙坡区档案局爱国主义教育基地灯饰工程合同,协调能力,协调能力,✓
2013,45,重庆铁路中学,热水系统,协调能力,协调能力,✓
2013,46,重庆铁路中学,13A1034项目合同,协调能力,协调能力,✓
2013,47,石桥铺街道社区卫生服务中心,材料采购合同,协调能力,协调能力,✓
2013,48,九龙坡区职业教育中心(中梁山矿务学校),格力空调,协调能力,协调能力,✓
2013,49,九龙坡区职业教育中心(中梁山矿务学校),电（扶）梯购销安装,协调能力,协调能力,✓
2013,50,九龙坡区职业教育中心(中梁山矿务学校),格力空调,协调能力,协调能力,✓
2013,51,九龙坡区职业教育中心(中梁山矿务学校),数控车床维修平台,协调能力,协调能力,✓
2013,52,九龙坡区职业教育中心(中梁山矿务学校),电梯设备,协调能力,协调能力,✓
2013,53,九龙坡区实验幼儿园,九龙坡区实验幼儿园采购绞切机合同,协调能力,协调能力,✓
2013,54,九龙坡区实验幼儿园,九龙坡区实验幼儿园定制画册合同,协调能力,协调能力,✓
2013,55,九龙坡区实验幼儿园,九龙坡区实验幼儿园采购户外音响设备合同,协调能力,协调能力,✓
2013,56,九龙坡区职业教育中心(中梁山矿务学校),汽车设备等竞争性谈判,协调能力,协调能力,✓
2013,57,九龙坡区职业教育中心(中梁山矿务学校),会计软件,协调能力,协调能力,✓
2013,58,九龙坡区职业教育中心(中梁山矿务学校),冷暖柜机,协调能力,协调能力,✓
2013,59,九龙坡区职业教育中心(中梁山矿务学校),印刷机,协调能力,协调能力,✓
2013,60,九龙坡区职业教育中心(中梁山矿务学校),监控设备,协调能力,协调能力,✓
2013,61,九龙坡区职业教育中心(中梁山矿务学校),格力空调,协调能力,协调能力,✓
2013,62,九龙坡区职业教育中心(中梁山矿务学校),IP广播设备,协调能力,协调能力,✓
2013,63,九龙坡区职业教育中心(中梁山矿务学校),机房设备,协调能力,协调能力,✓
2013,64,九龙坡区职业教育中心(中梁山矿务学校),机电设备,协调能力,协调能力,✓
2013,65,九龙坡区职业教育中心(中梁山矿务学校),学生课桌椅,协调能力,协调能力,✓
2013,66,九龙坡区职业教育中心(中梁山矿务学校),办公桌凳柜,协调能力,协调能力,✓
2013,67,九龙坡区职业教育中心(中梁山矿务学校),数控软件,协调能力,协调能力,✓
2013,68,九龙坡区职业教育中心(中梁山矿务学校),电脑机房设备,协调能力,协调能力,✓
2013,69,九龙坡区职业教育中心(中梁山矿务学校),电脑设备,协调能力,协调能力,✓
2013,70,九龙坡区职业教育中心(中梁山矿务学校),音箱设备,协调能力,协调能力,✓
2013,71,九龙坡区职业教育中心(中梁山矿务学校),汽车运用与维修专业设备,协调能力,协调能力,✓
2013,72,九龙坡区职业教育中心(中梁山矿务学校),音响设备,协调能力,协调能力,✓
2013,73,九龙坡区职业教育中心(中梁山矿务学校),会议桌椅,协调能力,协调能力,✓
2013,74,九龙坡区职业教育中心(中梁山矿务学校),T3教学软件,协调能力,协调能力,✓
2013,75,区驿都实验学校(区白市驿镇一小),购销合同,协调能力,协调能力,✓
2013,76,区驿都实验学校(区白市驿镇一小),重庆市政府采购货物购销合同,协调能力,协调能力,✓
2013,77,九龙坡区和平小学,课桌凳,协调能力,协调能力,✓
2013,78,九龙坡区和平小学,空调购买,协调能力,协调能力,✓
2013,79,九龙坡区和平小学,阅览室家具,协调能力,协调能力,✓
2013,80,九龙坡区含谷镇小学,含谷小学合唱台采购合同,协调能力,协调能力,✓
2013,81,九龙坡区含谷镇小学,含谷小学课桌椅采购合同,协调能力,协调能力,✓
2013,82,九龙坡区房屋管理局,华龙家园、华福家园廉租房智能化系统（含监控、停车场、门禁系统）合同,协调能力,协调能力,✓
2013,83,重庆市人和中学（重庆电机厂子弟学校）,课桌凳采购,协调能力,协调能力,✓
2013,84,中共重庆市九龙坡区委老干部局,音响,协调能力,协调能力,✓
2013,85,九龙坡区新凤小学校,课桌凳,协调能力,协调能力,✓
2013,86,重庆市渝西中学,重庆市政府采购购销合同,协调能力,协调能力,✓
2013,87,九龙坡区共和小学,合同,协调能力,协调能力,✓
2013,88,九龙坡区共和小学,合同,协调能力,协调能力,✓
2013,89,国家统计局浦城调查队,国家统计局浦城调查队尼康D7000套机(18-105mm)采购合同,提取能力,提取能力,✓
2013,90,二圣中心学校,二圣镇中心学校食堂和门卫室电改造合同,协调能力,协调能力,✓
2013,91,重庆市北碚区华光小学,北碚区华光小学图书采购合同,协调能力,协调能力,✓
2013,92,兰桥镇,采购电脑,协调能力,协调能力,✓
2013,93,重庆市北碚区状元小学,教室、实验室、功能室设备追加,协调能力,协调能力,✓
2013,94,重庆市北碚区疾控中心,采购离子色谱仪,协调能力,协调能力,✓
2013,95,重庆市北碚区信息中心,重庆市北碚区云政务(一期)项目监理,协调能力,协调能力,✓
2013,96,九龙坡区体育局,全区体育健身路径维护,协调能力,协调能力,✓
2013,97,重庆市九龙坡区卫生健康综合行政执法支队,公共场所创卫物资采购,合规能力,合规能力,✓
2013,98,重庆市九龙坡区人民医院,C区电力增容,协调能力,协调能力,✓
2013,99,重庆市九龙坡区人民医院,电消毒锅,协调能力,协调能力,✓
2013,100,九龙坡区体育局,全区体育健身器材采购,协调能力,协调能力,✓
2013,101,重庆市九龙坡区卫生健康综合行政执法支队,传染病防治创卫物资采购,合规能力,合规能力,✓
2013,102,九龙坡区体育局,全区体育健身路径维护,协调能力,协调能力,✓
2013,103,重庆市綦江区教育信息技术与装备中心,完善国家农村义务教育薄弱学校改造市级项目“班班通”教室采购合同,协调能力,协调能力,✓
2013,104,重庆市荣昌区环境保护局,环境应急设备采购合同,协调能力,合规能力,✗
2013,105,重庆市万盛经济技术开发区水务局,大湾电站增效扩容改造采购合同,协调能力,协调能力,✓
2013,106,黑龙江中医药大学,博物馆布展装饰工程,协调能力,协调能力,✓
2013,107,和田地区生态环境局墨玉县分局,和田地区墨玉县城镇垃圾收集清运系统建设项目的合同,协调能力,合规能力,✗
2013,108,鹤岗市南山区住房和建设局,1,协调能力,协调能力,✓
2013,109,包头市昆都仑区教育局,团结幼儿园新光幼儿园建设项目监理,协调能力,协调能力,✓
2013,110,浦城县图书馆,浦城县梦笔喜马拉雅有声图书馆（浦城县全民阅读城市书房二期）项目,协调能力,协调能力,✓
2013,111,四川省农业科学院遥感与数字农业研究所,公务用车定点加油情况说明,协调能力,协调能力,✓
2013,112,科尔沁左翼中旗政务服务局,科左中旗政务服务中心聘用第三方专业机构服务,协调能力,协调能力,✓
2013,113,霍林郭勒市达来胡硕苏木,河日木特村现代化养牛及棚舍建设养殖项目,协调能力,协调能力,✓
2013,114,江门市公安局,江门市公安局视频综合应用平台建设合同（补录）,合规能力,合规能力,✓
2013,115,晋中学院,晋中学院新校区施工合同,协调能力,协调能力,✓
2013,116,佛山市南海区医院管理中心,佛山市南海区医院管理中心互联网接入服务定点议价采购合同,协调能力,协调能力,✓
2013,117,广东省惠州市博罗县龙华镇卫生院,广东省惠州市博罗县龙华镇卫生院审计服务定点议价采购合同,协调能力,协调能力,✓
2013,118,太原理工大学,太原理工大学新校区图书馆主体施工工程,协调能力,协调能力,✓
2013,119,兰州市外国语高级中学,兰州市外国语高级中学2023年学校物业服务采购项目,协调能力,协调能力,✓
2013,120,乐山市公路建设服务中心,乐山市公路应急抢险中心改造项目,协调能力,协调能力,✓
2013,121,石棉县永和乡人民政府,采购合同,协调能力,协调能力,✓
2014,1,徽县环境保护局,政府采购合同,合规能力,合规能力,✓
2014,2,徽县教育局,合同书,协调能力,协调能力,✓
2014,3,徽县教育局,徽县教育局2014年改薄设备采购合同,协调能力,协调能力,✓
2014,4,酒泉市公安局交通警察支队,酒泉市公安局交通警察支队高速一大队营房改造及车管所卫生间改造采购项目,合规能力,合规能力,✓
2014,5,康县茶叶科技开发中心,康县茶叶科技开发中心科技富民强县采购项目（第二包）,协调能力,协调能力,✓
2014,6,陇南市实验小学,陇南市实验小学人造草坪运动场采购项目,协调能力,协调能力,✓
2014,7,中央电视台,现址临时专线,协调能力,协调能力,✓
2014,8,中国科学院上海天文台,望远镜机械系统,协调能力,协调能力,✓
2014,9,中国科学院上海天文台,EMC屏蔽系统和微波吸收材料,协调能力,协调能力,✓
2014,10,中国科学院上海天文台,望远镜发射接收光学系统：激光器,协调能力,协调能力,✓
2014,11,国家税务总局,吉林省国家税务局国际税多功能一体机,提取能力,提取能力,✓
2014,12,龙州县国家税务总局,国税系统批量集中采购合同,提取能力,提取能力,✓
2014,13,湖北省孝感市国家税务局,湖北省孝感市国家税务局A3打印机采购合同,提取能力,提取能力,✓
2014,14,湖北省孝感市国家税务局,湖北省孝感市国家税务局网络存储采购合同,提取能力,提取能力,✓
2014,15,湖北省孝感市国家税务局,湖北省孝感市国家税务局服务器采购合同,提取能力,提取能力,✓
2014,16,中国科学院上海天文台,标校天线组件-发射天线,协调能力,协调能力,✓
2014,17,云南省昆明市盘龙区国家税务局,云南省昆明市盘龙区国家税务局2015年度汽车维修和保养服务采购合同,提取能力,提取能力,✓
2014,18,松辽水利委员会察尔森水库管理局,技术服务合同,协调能力,协调能力,✓
2014,19,沂沭泗水利管理局水情通信中心,沂沭泗局直管重点工程监控及自动控制系统项目建设承包合同,协调能力,协调能力,✓
2014,20,黄河水利委员会黄河水利科学研究院,模型黄河试验基地综合试验楼修缮,协调能力,协调能力,✓
2014,21,黄河水利委员会移民局,黄河托克托以下重点区域GPS控制网测量,协调能力,协调能力,✓
2014,22,黄河水利委员会移民局,全国水利发展“十三五”规划,协调能力,协调能力,✓
2014,23,庆阳市西峰区显胜乡人民政府,庆阳市西峰区显胜乡毛寺村居民小区太阳能路灯及庭院灯安装工程项目政府采购合同,协调能力,协调能力,✓
2014,24,黄河水利委员会移民局,黄河流域泥沙成果研究修订,协调能力,协调能力,✓
2014,25,腾冲出入境检验检疫局,采购合同书,合规能力,合规能力,✓
2014,26,中华人民共和国勐腊出入境检验检疫局,采购合同书,合规能力,合规能力,✓
2014,27,水利部水利信息中心,水旱灾害监测业务子系统和高分水利基础空间数据库建设与更新子系统开发,协调能力,协调能力,✓
2014,28,腾冲出入境检验检疫局,采购合同书,合规能力,合规能力,✓
2014,29,水利部水利信息中心,水资源监测评价和管理子系统开发,协调能力,协调能力,✓
2014,30,水利部水利信息中心,水土保持监测与评价业务子系统开发,协调能力,协调能力,✓
2014,31,安徽省林业有害生物防治检疫局,安徽省林业有害生物防治检疫局GPS采购,协调能力,协调能力,✓
2014,32,酒泉市交通运输局,酒泉市S214额济纳旗至酒泉公路肃州至金塔段公路改建工程可行性研究报告编制项目,协调能力,协调能力,✓
2014,33,中国科学院遥感与数字地球研究所,进口货物技术协议,协调能力,协调能力,✓
2014,34,中国科学院遥感与数字地球研究所,技术开发（委托）合同,协调能力,协调能力,✓
2014,35,中央国家机关政府采购中心,中央单位批量集中采购简易合同,协调能力,协调能力,✓
2014,36,中央国家机关政府采购中心,中央单位批量集中采购简易合同,协调能力,协调能力,✓
2014,37,中央国家机关政府采购中心,中央单位批量集中采购简易合同,协调能力,协调能力,✓
2014,38,安徽中医药大学,安徽中医药大学图书资料采购第14包：中文图书,协调能力,协调能力,✓
2014,39,中国科学院上海天文台,近场综合测量系统,协调能力,协调能力,✓
2014,40,安徽省林业厅,安徽省本级森林防火物资储备第3包,协调能力,协调能力,✓
2014,41,合肥印象包河旅游开发管理有限公司,合肥滨湖新区牛角大圩农村环境连片综合整治—农村生活垃圾收集与清运工程设备采购第1包,协调能力,协调能力,✓
2014,42,甘肃省第三人民医院,甘肃省第三人民医院腹腔镜等医疗设备采购项目合同书,协调能力,协调能力,✓
2014,43,凉州区农业技术推广中心,凉州区2015年旱作物农业起垄覆膜农机具采购项目,协调能力,协调能力,✓
2014,44,安徽大学,安徽大学中外文纸质图书第1包,协调能力,协调能力,✓
2014,45,凉州区农业综合开发办公室,凉州区2015年吴家井高标准农田建设工程项目三包,协调能力,协调能力,✓
2014,46,中国科学院上海药物研究所,建发（上海）有限公司进口合同,协调能力,协调能力,✓
2014,47,中国科学院上海天文台,2.4米望远镜配置IFU,协调能力,协调能力,✓
2014,48,安徽大学艺术与传媒学院,安徽大学艺术与传媒学院图书、教学设备采购第1包,协调能力,协调能力,✓
2014,49,合肥市庐阳区卫生和计划生育局、合肥市瑶海区卫生局,合肥市庐阳区和瑶海区基层医疗机构联合体药品带量采购配送企业服务第6包,协调能力,协调能力,✓
2014,50,合肥市公路管理局（合肥市公路路政支队）,S105合马路路面大修工程监理,协调能力,协调能力,✓
2014,51,合肥市庐阳区财政局,庐阳区2015-2017年度常用办公家具定点单位,协调能力,协调能力,✓
2014,52,甘肃省统计局,甘肃省统计局甘肃省统计地理信息系统二期项目合同协议书,提取能力,提取能力,✓
2014,53,合肥城市轨道交通有限公司,合肥市轨道交通2号线火灾自动报警系统及气体灭火系统集成,协调能力,协调能力,✓
2014,54,合肥庐阳工业区建设投资有限公司,庐阳工业区荣城南苑二期绿色建筑设计,协调能力,协调能力,✓
2014,55,合肥新创投资控股有限公司,合肥市新站区2015支网（天网新站支网）视频监控系统工程监理,协调能力,协调能力,✓
2014,56,合肥市瑶海区城建投资有限公司,瑶海区文化艺术中心和公共卫生中心锅炉设备采购安装,协调能力,协调能力,✓
2014,57,合肥高新创业园管理有限公司,合肥高新区创新产业园D8众创空间家具采购,协调能力,协调能力,✓
2014,58,合肥市重点工程建设管理局,合肥市重点工程建设管理局建设资金托管银行战略合作招标,协调能力,协调能力,✓
2014,59,合肥市重点工程建设管理局,西南出口西延工程监理,协调能力,协调能力,✓
2014,60,兰州大学第一医院,兰州大学第一医院脉动压力蒸汽灭菌器、全自动快速器械清洗消毒机、超声光散射乳腺成像系统医疗设备采购项目购销合同,协调能力,协调能力,✓
2014,61,庆阳市卫生计生委综合监督执法局,庆阳市卫生计生委综合监督执法局所需设备,合规能力,协调能力,✗
2014,62,酒泉职业技术学院,酒泉职业技术学院建设信息管理及网络考试系统采购项目,协调能力,协调能力,✓
2014,63,舟山市海洋环境监测预报中心,包7：X波段测波雷达系统,协调能力,协调能力,✓
2014,64,上海市普陀区市政管理中心,普陀区2014年未纳管污染源改造工程（二标段）施工总承包合同,协调能力,协调能力,✓
2014,65,上海市普陀区市政管理中心,南大路（红柳路-区界）雨污水管道改造及道路大修工程施工总承包合同,协调能力,协调能力,✓
2014,66,上海市普陀区市政管理中心,金沙江路（大渡河路-中山北路）大修及沿线环境整治工程施工总承包合同,协调能力,协调能力,✓
2014,67,上海市普陀区市政管理中心,北石路（铜川路-大渡河路）大修工程施工总承包合同,协调能力,协调能力,✓
2014,68,普陀区环保局,普陀区环境信息化建设项目（一）,协调能力,合规能力,✗
2014,69,龙市中学,音响系统,协调能力,协调能力,✓
2014,70,龙市中学,学生课桌凳,协调能力,协调能力,✓
2014,71,合阳中学,合阳中学推拉黑板采购合同,协调能力,协调能力,✓
2014,72,合阳中学,合阳中学食堂设备采购合同,协调能力,协调能力,✓
2014,73,宁夏广播电视台传输发射中心,宁夏广播电视总台传输发射中心发射机房制冷降温设备安装合同,协调能力,协调能力,✓
2014,74,甘肃省人民医院,甘肃省人民医院医疗器械政府采购项目合同,协调能力,协调能力,✓
2014,75,九龙坡区走马镇中学,机房改造合同,协调能力,协调能力,✓
2014,76,广西壮族自治区气象技术装备中心,专用软件开发服务采购（GXKLC20163128-B）合同,协调能力,协调能力,✓
2014,77,九龙坡区走马镇中学,走马中学综合楼外立面改造工程,协调能力,协调能力,✓
2014,78,九龙坡区走马镇中学,2014学校标准化建设卫生器材设施设备,协调能力,协调能力,✓
2014,79,九龙坡区走马镇中学,学校办公用计算机,协调能力,协调能力,✓
2014,80,九龙坡区走马镇中学,2014学校标准化建设音乐设施设备,协调能力,协调能力,✓
2014,81,九龙坡区走马镇中学,重庆市九龙坡区走马镇中学校园公共广播系统,协调能力,协调能力,✓
2014,82,九龙坡区走马镇中学,2014学校标准化建设体育设施设备,协调能力,协调能力,✓
2014,83,九龙坡区走马镇中学,学校办公用空调,协调能力,协调能力,✓
2014,84,九龙坡区走马镇中学,学校办公用数字相机,协调能力,协调能力,✓
2014,85,九龙坡区走马镇中学,学校文件柜,协调能力,协调能力,✓
2014,86,九龙坡区走马镇中学,2014学校标准化建设美术设施设备,协调能力,协调能力,✓
2014,87,九龙坡区走马镇中学,学校办公计算机,协调能力,协调能力,✓
2014,88,九龙坡区走马镇中学,2014学校标准化建纸质图书,协调能力,协调能力,✓
2014,89,九龙坡区走马镇中学,学校教学用计算机,协调能力,协调能力,✓
2014,90,九龙坡区走马镇中学,2014学校标准化建设科技器材设施设备,协调能力,协调能力,✓
2014,91,九龙坡区走马镇中学,2014学校标准化建设劳技器材设施设备,协调能力,协调能力,✓
2014,92,九龙坡区走马镇中学,理科仪器设备,协调能力,协调能力,✓
2014,93,九龙坡区走马镇中学,学校教学用电脑,协调能力,协调能力,✓
2014,94,重庆工商大学,重庆工商大学综合实训与文献信息中心相关项目全过程跟踪审计合同,协调能力,协调能力,✓
2014,95,九龙坡区走马镇中学,https://www.gec123.com,协调能力,协调能力,✓
2014,96,凉州区西营镇人民政府,凉州区西营镇人民政府杂沟村后续产业基地建设项目,协调能力,协调能力,✓
2014,97,兰州财经大学,兰州财经大学图书馆外文期刊采购项目供货合同,协调能力,协调能力,✓
2014,98,厦门航标处,趸船建造合同,协调能力,协调能力,✓
2014,99,交通运输部东海航海保障中心厦门航标处,东海航海保障中心厦门航标处海巡1630轮发电机组及配电系统改造工程项目合同,协调能力,协调能力,✓
2014,100,重庆工商大学,博智楼等7栋楼建筑消防设施维修保养合同,协调能力,协调能力,✓
2014,101,重庆工商大学,重庆工商大学数据中心硬件采购与集成项目采购合同,协调能力,协调能力,✓
2014,102,重庆工商大学,重庆工商大学数字艺术综合实验教学平台软件合同,协调能力,协调能力,✓
2014,103,重庆工商大学,成渝经济区产业发展促进中心数据中心集成项目合同,协调能力,协调能力,✓
2014,104,重庆工商大学,重庆工商大学数字艺术综合实验教学平台摄影器材合同,协调能力,协调能力,✓
2014,105,重庆工商大学,重庆工商大学数字艺术综合实验教学平台仪器设备合同,协调能力,协调能力,✓
2014,106,重庆工商大学,重庆工商大学废油中心仪器设备合同,协调能力,协调能力,✓
2014,107,重庆工商大学,重庆工商大学教学PPT翻页器合同,协调能力,协调能力,✓
2014,108,重庆工商大学,重庆工商大学创新型会计人才协同培育实践教育基地教学设备合同,协调能力,协调能力,✓
2014,109,重庆工商大学,重庆工商大学外文纸质图书供应商资格采购合同,协调能力,协调能力,✓
2014,110,重庆工商大学,重庆工商大学创新型会计人才协同培育实践教育基地软件合同,协调能力,协调能力,✓
2014,111,重庆工商大学,重庆工商大学社会学省级重点学科建设项目软件合同,协调能力,协调能力,✓
2014,112,重庆工商大学,重庆工商大学图书馆金盘管理系统升级合同,协调能力,协调能力,✓
2014,113,重庆工商大学,重庆工商大学网站群系统建设项目合同,协调能力,协调能力,✓
2014,114,重庆工商大学,重庆工商大学图书馆非书资源管理系统合同,协调能力,协调能力,✓
2014,115,重庆工商大学,重庆工商大学数字艺术综合实验教学平台图形工作站合同,协调能力,协调能力,✓
2014,116,重庆工商大学,重庆工商大学经管中心教学软件项目（创业模拟实训教学软件）合同,协调能力,协调能力,✓
2014,117,重庆工商大学,重庆工商大学工商管理学科实验教学软件（包）4合同,协调能力,协调能力,✓
2014,118,重庆工商大学,重庆工商大学艺术学院实验教学设备（包）2合同,协调能力,协调能力,✓
2014,119,重庆工商大学,重庆工商大学工商管理学科实验教学软件（包）2合同,协调能力,协调能力,✓
2014,120,重庆工商大学,重庆工商大学工商管理学科实验教学软件（包）1合同,协调能力,协调能力,✓
2014,121,重庆工商大学,重庆工商大学2014年音响系统建设项目（包）2合同,协调能力,协调能力,✓
2014,122,重庆工商大学,重庆工商大学学生公寓家具采购合同,协调能力,协调能力,✓
2014,123,重庆工商大学,重庆工商大学2014年音响系统建设项目（包）1合同,协调能力,协调能力,✓
2014,124,重庆工商大学,重庆工商大学艺术学院摄影器材类设备合同,协调能力,协调能力,✓
2014,125,重庆工商大学,重庆工商大学化学技术实验教学中心实验室安全设施建设项目合同,协调能力,协调能力,✓
2014,126,重庆工商大学,重庆工商大学数字语音实验室项目合同,协调能力,协调能力,✓
2014,127,重庆工商大学,经管中心教学软件项目（国际贸易教学）（包）1、3合同,协调能力,协调能力,✓
2014,128,重庆工商大学,重庆工商大学课桌椅及办公家具合同,协调能力,协调能力,✓
2014,129,重庆工商大学,重庆工商大学旅游国际化与智能化创新实践基地建设项目仪器设备（包）2合同,协调能力,协调能力,✓
2014,130,重庆工商大学,重庆工商大学图书馆书架项目合同,协调能力,协调能力,✓
2014,131,重庆工商大学,重庆工商大学工商管理学科实验教学软件（包）3,协调能力,协调能力,✓
2014,132,重庆工商大学,重庆工商大学网络高清传媒实验教学系统项目合同,协调能力,协调能力,✓
2014,133,重庆工商大学,重庆工商大学旅游国际化与智能化创新实践基地建设项目仪器设备（包）1合同,协调能力,协调能力,✓
2014,134,重庆工商大学,重庆工商大学弱电及监控系统建设项目合同,协调能力,协调能力,✓
2014,135,重庆工商大学,重庆工商大学艺术学院实验教学设备（包）1合同,协调能力,协调能力,✓
2014,136,重庆工商大学,重庆工商大学中文纸质图书供应商资格招标（包）1合同,协调能力,协调能力,✓
2014,137,重庆工商大学,重庆工商大学电子商务及供应链系统实验室服务器及软件采购合同,协调能力,协调能力,✓
2014,138,重庆工商大学,重庆工商大学中文纸质图书供应商资格招标（包）2合同,协调能力,协调能力,✓
2014,139,重庆工商大学,重庆工商大学经管中心教学软件项目（管理决策模拟教学软件）合同,协调能力,协调能力,✓
2014,140,重庆工商大学,重庆工商大学经管中心教学软件项目（企业竞争模拟教学软件）合同,协调能力,协调能力,✓
2014,141,重庆工商大学,经管中心教学软件项目（国际贸易教学）,协调能力,协调能力,✓
2014,142,重庆工商大学,重庆工商大学中文纸质图书供应商资格招标（包）1合同,协调能力,协调能力,✓
2014,143,重庆工商大学,重庆工商大学电子商务及供应链系统实验室仪器设备采购合同,协调能力,协调能力,✓
2014,144,重庆工商大学,重庆工商大学图书馆自建特色数据库（包）1合同,协调能力,协调能力,✓
2014,145,重庆工商大学,重庆工商大学人力资源管理及大学生就业管理系统项目合同,协调能力,协调能力,✓
2014,146,重庆工商大学,重庆工商大学社会学省级重点学科建设项目仪器设备及软件（包）2合同,协调能力,协调能力,✓
2014,147,重庆工商大学,重庆工商大学社会学省级重点学科建设项目仪器设备及软件（包）1合同,协调能力,协调能力,✓
2014,148,重庆工商大学,重庆工商大学HS2维码产业和4维码产业数据采购合同,协调能力,协调能力,✓
2014,149,重庆工商大学,重庆工商大学江北校区网络改造项目合同,协调能力,协调能力,✓
2014,150,重庆工商大学,重庆工商大学成渝经济区产业发展促进中心科研平台建设项目仪器设备采购合同,协调能力,协调能力,✓
2014,151,重庆工商大学,重庆工商大学社会学省级重点学科建设项目仪器设备及软件（包）3合同,协调能力,协调能力,✓
2014,152,重庆工商大学,重庆工商大学教学课桌椅和办公家具（包）2合同,协调能力,协调能力,✓
2014,153,重庆工商大学,重庆工商大学存储及DNS等网络设备采购合同,协调能力,协调能力,✓
2014,154,重庆工商大学,重庆工商大学图书馆自建特色数据库（包）2合同,协调能力,协调能力,✓
2014,155,重庆工商大学,重庆工商大学教学课桌椅和办公家具（包）1合同,协调能力,协调能力,✓
2014,156,海口市第二十五小学,海甸校区运动场修复工程施工合同,协调能力,协调能力,✓
2014,157,中国科学院国家授时中心,矢量信号发生器,协调能力,协调能力,✓
2014,158,宁波市农业科学研究院,宁波市农业科学研究院原子吸收光谱仪采购项目,协调能力,协调能力,✓
2014,159,重庆工商大学,重庆工商大学数字艺术综合实验教学平台计算机询价采购合同,协调能力,协调能力,✓
2014,160,重庆工商大学,重庆工商大学校园网络备用交换机和数据交换机合同,协调能力,协调能力,✓
2014,161,重庆工商大学,重庆工商大学游泳池设备合同,协调能力,协调能力,✓
2014,162,重庆工商大学,重庆干部网络学院数字摄影机等设备合同,协调能力,协调能力,✓
2014,163,重庆工商大学,重庆工商大学国际商学院计算机采购合同,协调能力,协调能力,✓
2014,164,重庆工商大学,重庆工商大学弱电及监控系统建设项目合同,协调能力,协调能力,✓
2014,165,重庆工商大学,重庆工商大学社会学省级重点学科建设项目计算机、服务器询价采购合同,协调能力,协调能力,✓
2014,166,重庆工商大学,重庆工商大学数字艺术综合实验教学平台服务器合同,协调能力,协调能力,✓
2014,167,重庆工商大学,重庆工商大学老师支持中心计算机（2次）合同,协调能力,协调能力,✓
2014,168,重庆工商大学,重庆工商大学创新型会计人才协同培育实践教育基地计算机、服务器询价采购合同,协调能力,协调能力,✓
2014,169,重庆工商大学,重庆工商大学实验教学计算机询价采购合同,协调能力,协调能力,✓
2014,170,重庆工商大学,重庆工商大学特殊博士项目引领下的应用经济学创新工程计算机及笔记本采购合同,协调能力,协调能力,✓
2014,171,重庆工商大学,图书馆2012年中地共建授权支付项目（NEC投影机）采购合同,协调能力,协调能力,✓
2014,172,重庆工商大学,重庆工商大学外语自主学习室计算机询价采购合同,协调能力,协调能力,✓
2014,173,重庆工商大学,重庆工商大学实验室服务器采购合同,协调能力,协调能力,✓
2014,174,重庆工商大学,重庆工商大学建筑装饰分院计算机询价采购合同,协调能力,协调能力,✓
2014,175,重庆工商大学,（图书馆、环生学院、会计学院）惠普/HP台式机采购合同,协调能力,协调能力,✓
2014,176,重庆工商大学,重庆工商大学应用经济学特色优势学科（统计学）计算机采购合同,协调能力,协调能力,✓
2014,177,重庆工商大学,重庆工商大学成渝经济区产业发展促进中心科研平台计算机设备采购合同,协调能力,协调能力,✓
2014,178,重庆工商大学,重庆工商大学创新型会计人才协同培育实践教育基地服务器采购合同,协调能力,协调能力,✓
2014,179,重庆工商大学,重庆工商大学多媒体移动教学工作系统采购合同,协调能力,协调能力,✓
2014,180,重庆工商大学,重庆工商大学图书馆服务器采购合同,协调能力,协调能力,✓
2014,181,重庆工商大学,重庆工商大学艺术学院实验室影视设备1（2次）采购合同,协调能力,协调能力,✓
2014,182,重庆工商大学,管理学院服务器采购合同,协调能力,协调能力,✓
2014,183,重庆工商大学,重庆工商大学图书馆一体电脑采购合同,协调能力,协调能力,✓
2014,184,重庆工商大学,重庆工商大学艺术学院实验室影视设备3（设计艺术分院摄像机）（2次）采购合同,协调能力,协调能力,✓
2014,185,重庆工商大学,重庆工商大学2014年办公计算机采购合同,协调能力,协调能力,✓
2014,186,重庆工商大学,重庆工商大学学生公寓交换机升级项目合同,协调能力,协调能力,✓
2014,187,重庆工商大学,重庆工商大学制造装备机构设计与控制实验室计算机采购采购合同,协调能力,协调能力,✓
2014,188,上海市城市交通运输管理处,上海市交通运输行业2014-2016年社会满意度指数测评采购项目服务合同书,协调能力,协调能力,✓
2014,189,安徽大学艺术与传媒学院,安徽大学艺术与传媒学院图书、教学设备采购,协调能力,协调能力,✓
2014,190,重庆工商大学,学生公寓及公共建筑空调采购合同,协调能力,协调能力,✓
2014,191,重庆工商大学,重庆工商大学2014年多媒体教室建设项目合同,协调能力,协调能力,✓
2014,192,中国人口宣传教育中心,中国人口宣传教育中心摄影棚扩建改造项目声学装修工程,协调能力,协调能力,✓
2014,193,中国人口宣传教育中心,摄影棚扩建改造项目摄影棚灯光设备层改造政府采购合同,协调能力,协调能力,✓
2014,194,北碚区疾控中心,北碚区政府货物采购购销合同,协调能力,协调能力,✓
2014,195,北碚区疾控中心,仪器设备购销合同,协调能力,协调能力,✓
2014,196,北碚区疾控中心,有害生物防治服务合同,协调能力,协调能力,✓
2014,197,北碚区疾控中心,北碚区政府货物采购购销合同,协调能力,协调能力,✓
2014,198,北碚区疾控中心,北碚区政府货物采购购销合同,协调能力,协调能力,✓
2014,199,北碚区疾控中心,重庆市政府采购货物购销合同,协调能力,协调能力,✓
2014,200,北碚区疾控中心,重庆市政府采购货物购销合同,协调能力,协调能力,✓
2014,201,北碚区疾控中心,重庆市政府采购货物购销合同,协调能力,协调能力,✓
2014,202,北碚区疾控中心,仪器设备购销合同,协调能力,协调能力,✓
2014,203,重庆市第九人民医院,重庆市第九人民医院医疗设备购销合同,协调能力,协调能力,✓
2014,204,重庆市第九人民医院,重庆市第九人民医院医疗设备购销合同,协调能力,协调能力,✓
2014,205,重庆市第九人民医院,重庆市第九人民医院医疗设备购销合同,协调能力,协调能力,✓
2014,206,重庆市第九人民医院,重庆市第九人民医院医疗设备购销合同,协调能力,协调能力,✓
2014,207,重庆市第九人民医院,重庆市第九人民医院医疗设备购销合同,协调能力,协调能力,✓
2014,208,重庆市第九人民医院,重庆市第九人民医院医疗设备购销合同,协调能力,协调能力,✓
2014,209,重庆市第九人民医院,重庆市第九人民医院医疗设备购销合同,协调能力,协调能力,✓
2014,210,重庆市第九人民医院,重庆市第九人民医院医疗设备购销合同,协调能力,协调能力,✓
2014,211,重庆市第九人民医院,重庆市第九人民医院医疗设备购销合同,协调能力,协调能力,✓
2014,212,重庆市第九人民医院,重庆市第九人民医院医疗设备购销合同,协调能力,协调能力,✓
2014,213,重庆市第九人民医院,重庆市第九人民医院医疗设备购销合同,协调能力,协调能力,✓
2014,214,重庆市第九人民医院,重庆市第九人民医院医疗设备购销合同,协调能力,协调能力,✓
2014,215,重庆市第九人民医院,重庆市第九人民医院医疗设备购销合同,协调能力,协调能力,✓
2014,216,重庆市第九人民医院,重庆市第九人民医院医疗设备购销合同,协调能力,协调能力,✓
2014,217,重庆市第九人民医院,重庆市第九人民医院医疗设备购销合同,协调能力,协调能力,✓
2014,218,重庆市第九人民医院,医疗设备购销合同,协调能力,协调能力,✓
2014,219,重庆市第九人民医院,重庆市第九人民医院医疗设备购销合同,协调能力,协调能力,✓
2014,220,重庆市第九人民医院,重庆市第九人民医院医疗设备购销合同,协调能力,协调能力,✓
2014,221,重庆市第九人民医院,重庆市第九人民医院医疗设备购销合同,协调能力,协调能力,✓
2014,222,重庆市第九人民医院,重庆市第九人民医院医疗设备购销合同,协调能力,协调能力,✓
2014,223,重庆市第九人民医院,医疗设备购销合同,协调能力,协调能力,✓
2014,224,重庆市第九人民医院,重庆市第九人民医院医疗设备购销合同,协调能力,协调能力,✓
2014,225,重庆市第九人民医院,医疗设备购销合同,协调能力,协调能力,✓
2014,226,重庆市第九人民医院,重庆市第九人民医院医疗设备购销合同,协调能力,协调能力,✓
2014,227,重庆市第九人民医院,医疗设备购销合同,协调能力,协调能力,✓
2014,228,重庆市第九人民医院,医疗设备购销合同,协调能力,协调能力,✓
2014,229,重庆市第九人民医院,重庆市第九人民医院医疗设备购销合同,协调能力,协调能力,✓
2014,230,重庆市第九人民医院,重庆市第九人民医院医疗设备购销合同,协调能力,协调能力,✓
2014,231,重庆市第九人民医院,重庆市第九人民医院医疗设备购销合同,协调能力,协调能力,✓
2014,232,重庆市第九人民医院,重庆市第九人民医院医疗设备购销合同,协调能力,协调能力,✓
2014,233,重庆市第九人民医院,重庆市第九人民医院医疗设备购销合同,协调能力,协调能力,✓
2014,234,重庆市第九人民医院,重庆市第九人民医院医疗设备购销合同,协调能力,协调能力,✓
2014,235,重庆市第九人民医院,重庆市第九人民医院医疗设备购销合同,协调能力,协调能力,✓
2014,236,重庆市第九人民医院,重庆市第九人民医院医疗设备购销合同,协调能力,协调能力,✓
2014,237,重庆市第九人民医院,重庆市第九人民医院医疗设备购销合同,协调能力,协调能力,✓
2014,238,重庆市第九人民医院,重庆市第九人民医院医疗设备购销合同,协调能力,协调能力,✓
2014,239,重庆市第九人民医院,重庆市第九人民医院医疗设备购销合同,协调能力,协调能力,✓
2014,240,重庆市第九人民医院,重庆市第九人民医院医疗设备购销合同,协调能力,协调能力,✓
2014,241,重庆市第九人民医院,医疗设备购销合同,协调能力,协调能力,✓
2014,242,重庆市第九人民医院,重庆市第九人民医院医疗设备购销合同,协调能力,协调能力,✓
2014,243,重庆市第九人民医院,重庆市第九人民医院医疗设备购销合同,协调能力,协调能力,✓
2014,244,重庆市第九人民医院,重庆市第九人民医院医疗设备购销合同,协调能力,协调能力,✓
2014,245,重庆市第九人民医院,重庆市第九人民医院医疗设备购销合同,协调能力,协调能力,✓
2014,246,重庆市第九人民医院,重庆市第九人民医院医疗设备购销合同,协调能力,协调能力,✓
2014,247,重庆市第九人民医院,重庆市第九人民医院医疗设备购销合同,协调能力,协调能力,✓
2014,248,重庆市第九人民医院,重庆市第九人民医院医疗设备购销合同,协调能力,协调能力,✓
2014,249,重庆市第九人民医院,北碚区政府货物采购购销合同,协调能力,协调能力,✓
2014,250,重庆市第九人民医院,北碚区政府货物采购购销合同,协调能力,协调能力,✓
2014,251,重庆市第九人民医院,北碚区政府货物采购购销合同,协调能力,协调能力,✓
2014,252,重庆市第九人民医院,北碚区政府货物采购购销合同,协调能力,协调能力,✓
2014,253,重庆市第九人民医院,北碚区政府货物采购购销合同,协调能力,协调能力,✓
2014,254,重庆市第九人民医院,北碚区政府货物采购购销合同,协调能力,协调能力,✓
2014,255,重庆市第九人民医院,北碚区政府货物采购购销合同,协调能力,协调能力,✓
2014,256,重庆市第九人民医院,北碚区政府货物采购购销合同,协调能力,协调能力,✓
2014,257,重庆市第九人民医院,北碚区政府货物采购购销合同,协调能力,协调能力,✓
2014,258,重庆市第九人民医院,北碚区政府货物采购购销合同,协调能力,协调能力,✓
2014,259,重庆市第九人民医院,北碚区政府货物采购购销合同,协调能力,协调能力,✓
2014,260,重庆市第九人民医院,北碚区政府货物采购购销合同,协调能力,协调能力,✓
2014,261,重庆市第九人民医院,北碚区政府货物采购购销合同,协调能力,协调能力,✓
2014,262,重庆市第九人民医院,北碚区政府货物采购购销合同,协调能力,协调能力,✓
2014,263,重庆市第九人民医院,北碚区政府货物采购购销合同,协调能力,协调能力,✓
2014,264,重庆市第九人民医院,北碚区政府货物采购购销合同,协调能力,协调能力,✓
2014,265,重庆市第九人民医院,北碚区政府货物采购购销合同,协调能力,协调能力,✓
2014,266,重庆市第九人民医院,北碚区政府货物采购购销合同,协调能力,协调能力,✓
2014,267,重庆市第九人民医院,北碚区政府货物采购购销合同,协调能力,协调能力,✓
2014,268,重庆市第九人民医院,北碚区政府货物采购购销合同,协调能力,协调能力,✓
2014,269,重庆市渝中区绿化维护管理处,重庆市渝中区政府采购合同,协调能力,协调能力,✓
2014,270,中华人民共和国北京海关,北京海关缉私局指挥中心弱电工程合同,提取能力,提取能力,✓
2014,271,九龙坡区中梁山街道办事处,中梁山华龙家园社区绿化调整施工合同,协调能力,协调能力,✓
2014,272,重庆自然博物馆,重庆市政府采购购销合同,协调能力,协调能力,✓
2014,273,重庆市北碚区民政局,社会救助在线公示及模拟演示系统合同,协调能力,协调能力,✓
2014,274,九龙坡区中梁山街道办事处,中梁山协兴村社区化粪池改造工程施工合同,协调能力,协调能力,✓
2014,275,重庆市北碚区民政局,社会救助共享审批系统采购合同,协调能力,协调能力,✓
2014,276,兰州市科学技术局,兰州市科学技术局采购光纤宽带项目,协调能力,协调能力,✓
2014,277,国家统计局邹平调查队,国家统计局邹平调查队平板电脑和录音笔项目采购项目,提取能力,提取能力,✓
2014,278,国家统计局邹平调查队,国家统计局邹平调查队摄像机和照相机采购项目,提取能力,提取能力,✓
2014,279,国家统计局济南调查队,国家统计局济南调查队采购打印机,提取能力,提取能力,✓
2014,280,重庆铁路中学,重庆市政府采购购销合同,协调能力,协调能力,✓
2014,281,九龙坡区房屋管理局,铝合金玻璃隔断安装合同,协调能力,协调能力,✓
2014,282,九龙坡区房屋管理局,九龙坡区房管局档案室装修,协调能力,协调能力,✓
2014,283,重庆铁路中学,13A1225项目合同,协调能力,协调能力,✓
2014,284,重庆铁路中学,14A0447项目合同,协调能力,协调能力,✓
2014,285,重庆铁路中学,14A1079项目合同,协调能力,协调能力,✓
2014,286,九龙坡区房屋管理局,九龙坡城市形象宣传海报印刷合同,协调能力,协调能力,✓
2014,287,九龙坡区房屋管理局,九龙坡区房管局过道整修装修合同,协调能力,协调能力,✓
2014,288,重庆铁路中学,13A1166项目合同,协调能力,协调能力,✓
2014,289,九龙坡区房屋管理局,九龙坡区房管局应急平台设备采购合同,协调能力,协调能力,✓
2014,290,九龙坡区档案局,重庆市政府采购货物购销合同,协调能力,协调能力,✓
2014,291,九龙坡区公共资源综合交易中心,群众路线及政府采购网站合同,协调能力,协调能力,✓
2014,292,九龙坡区公共资源综合交易中心,重庆市政府采购货物购销合同,协调能力,协调能力,✓
2014,293,九龙坡区房屋管理局,伙食团装修合同,协调能力,协调能力,✓
2014,294,九龙坡区公共资源综合交易中心,重庆市政府采购货物购销合同,协调能力,协调能力,✓
2014,295,重庆市79中学,学生公寓空调,协调能力,协调能力,✓
2014,296,九龙坡区公共资源综合交易中心,重庆市九龙坡区工程招标文件固化软件开发协议,协调能力,协调能力,✓
2014,297,九龙坡区公共资源综合交易中心,家俱购买合同,协调能力,协调能力,✓
2014,298,九龙坡区档案局,重庆市九龙坡区档案局三楼库房装修项目工程合同,协调能力,协调能力,✓
2014,299,九龙坡区房屋管理局,民安华福房管中心服务大厅格力空调合同,协调能力,协调能力,✓
2014,300,重庆铁路中学,重庆铁路中学舞台灯光设备工程补充协议,协调能力,协调能力,✓
2014,301,九龙坡区公共资源综合交易中心,重庆市政府采购货物购销合同,协调能力,协调能力,✓
2014,302,重庆市79中学,办公电脑,协调能力,协调能力,✓
2014,303,九龙坡区房屋管理局,住保中心购办公用扫描仪合同,协调能力,协调能力,✓
2014,304,九龙坡区房屋管理局,九龙坡区民安华福房管中心服务大厅装修工程合同,协调能力,协调能力,✓
2014,305,九龙坡区房屋管理局,采购照相机合同,协调能力,协调能力,✓
2014,306,九龙坡区档案局,重庆市政府采购货物购销合同,协调能力,协调能力,✓
2014,307,九龙坡区公共资源综合交易中心,计算机及网络设备服务合同,协调能力,协调能力,✓
2014,308,九龙坡区公共资源综合交易中心,办公室改造工程合同,协调能力,协调能力,✓
2014,309,九龙坡区档案局,重庆市政府采购货物购销合同,协调能力,协调能力,✓
2014,310,九龙坡区公共资源综合交易中心,互联网接入业务协议,协调能力,协调能力,✓
2014,311,九龙坡区档案局,九龙坡区档案局监控系统安装合同,协调能力,协调能力,✓
2014,312,重庆铁路中学,14A0435项目合同,协调能力,协调能力,✓
2014,313,九龙坡区房屋管理局,华龙家园小区一、二期消防栓系统改造工程施工合同,协调能力,协调能力,✓
2014,314,九龙坡区房屋管理局,民安华福房管中心办公室采购一批空调合同,协调能力,协调能力,✓
2014,315,石桥铺街道社区卫生服务中心,货物购销合同,协调能力,协调能力,✓
2014,316,九龙坡区房屋管理局,华福家园小区内增设停车位改造工程,协调能力,协调能力,✓
2014,317,九龙坡区房屋管理局,住保中心购办公用台式电脑合同,协调能力,协调能力,✓
2014,318,重庆铁路中学,实验货运电梯采购合同,协调能力,协调能力,✓
2014,319,九龙坡区房屋管理局,民安华福公租房增设LED屏合同,协调能力,协调能力,✓
2014,320,重庆市79中学,音乐教室用空调,协调能力,协调能力,✓
2014,321,九龙坡区房屋管理局,住保中心办公室室内修缮工程合同,协调能力,协调能力,✓
2014,322,重庆铁路中学,运动场维修合同,协调能力,协调能力,✓
2014,323,九龙坡区房屋管理局,华福家园高层下水道维修工程合同,协调能力,协调能力,✓
2014,324,九龙坡区房屋管理局,华福家园小区消防报警系统整改工程合同,协调能力,协调能力,✓
2014,325,重庆市79中学,学生公寓维修,协调能力,协调能力,✓
2014,326,重庆铁路中学,收缩看台采购合同,协调能力,协调能力,✓
2014,327,九龙坡区房屋管理局,廉租房小区改造工程,协调能力,协调能力,✓
2014,328,九龙坡区房屋管理局,区房屋征收中心电子档案上传服务,协调能力,协调能力,✓
2014,329,重庆铁路中学,14A1414项目合同,协调能力,协调能力,✓
2014,330,九龙坡区房屋管理局,征收中心购办公桌椅一批合同,协调能力,协调能力,✓
2014,331,重庆市79中学,学生公寓铁床,协调能力,协调能力,✓
2014,332,九龙坡区铝城小学,铝城小学台式机采购,协调能力,协调能力,✓
2014,333,九龙坡区铝城小学,铝城小学空调购买,协调能力,协调能力,✓
2014,334,九龙坡区铝城小学,铝城小学打印机购买,协调能力,协调能力,✓
2014,335,九龙坡区职业教育中心(中梁山矿务学校),男生寝室家具,协调能力,协调能力,✓
2014,336,重庆市79中学,教学楼卫生间改造,协调能力,协调能力,✓
2014,337,九龙坡区铝城小学,铝城小学显示器购买,协调能力,协调能力,✓
2014,338,九龙坡区铝城小学,铝城小学学生课桌椅采购,协调能力,协调能力,✓
2014,339,九龙坡区铝城小学,铝城小学空调购买,协调能力,协调能力,✓
2014,340,九龙坡区铝城小学,铝城小学监控系统安装,协调能力,协调能力,✓
2014,341,九龙坡区职业教育中心(中梁山矿务学校),计算机设备,协调能力,协调能力,✓
2014,342,九龙坡区职业教育中心(中梁山矿务学校),景格汽车教学资源平台软件,协调能力,协调能力,✓
2014,343,九龙坡区职业教育中心(中梁山矿务学校),数控技术应用专业教学数字化精品课程,协调能力,协调能力,✓
2014,344,九龙坡区职业教育中心(中梁山矿务学校),心理咨询室设备,协调能力,协调能力,✓
2014,345,安宁中学,安宁中学笔记本电脑询价采购项目,协调能力,协调能力,✓
2014,346,九龙坡区职业教育中心(中梁山矿务学校),楼宇安防布线实训系统,协调能力,协调能力,✓
2014,347,九龙坡区职业教育中心(中梁山矿务学校),计算机应用专业实训软件,协调能力,协调能力,✓
2014,348,九龙坡区职业教育中心(中梁山矿务学校),电子与信息技术专业教学数字化精品课程资源,协调能力,协调能力,✓
2014,349,九龙坡区职业教育中心(中梁山矿务学校),数控设备,协调能力,协调能力,✓
2014,350,九龙坡区职业教育中心(中梁山矿务学校),监控设备,协调能力,协调能力,✓
2014,351,九龙坡区职业教育中心(中梁山矿务学校),五号学生宿舍二期热水系统设备,协调能力,协调能力,✓
2014,352,九龙坡区职业教育中心(中梁山矿务学校),会议室桌椅,协调能力,协调能力,✓
2014,353,九龙坡区职业教育中心(中梁山矿务学校),监控设备,协调能力,协调能力,✓
2014,354,九龙坡区职业教育中心(中梁山矿务学校),汽车空调实训设备,协调能力,协调能力,✓
2014,355,九龙坡区职业教育中心(中梁山矿务学校),新能源汽车实训设备,协调能力,协调能力,✓
2014,356,九龙坡区职业教育中心(中梁山矿务学校),口琴,协调能力,协调能力,✓
2014,357,安宁市公安局,安宁市公安局视频侦查分析检索系统采购竞争性谈判项目,合规能力,合规能力,✓
2014,358,安宁市公安局,安宁市公安局保安服务招标（二次招标）,合规能力,合规能力,✓
2014,359,安宁市公安局,安宁市公安局连然派出所新办公楼增购家具询价采购项目,合规能力,合规能力,✓
2014,360,安宁市公安局,安宁市公安局防护装备询价采购项目,合规能力,合规能力,✓
2014,361,安宁市公安局,安宁市公安局生物物证发现仪询价采购项目,合规能力,合规能力,✓
2014,362,安宁市安全生产监督管理局,安宁市安全生产监督管理服务平台建设软、硬件采购项目,合规能力,合规能力,✓
2014,363,安宁市公安局,安宁市公安局涉案视频管理系统询价采购项目,合规能力,合规能力,✓
2014,364,安宁市食品药品监督管理局,安宁市食品药品监督管理局执法人员制式服装询价采购项目,合规能力,合规能力,✓
2014,365,安宁市公安局,安宁市公安局办公用品采购竞争性谈判项目,合规能力,合规能力,✓
2014,366,安宁市财政局,安宁市土地增值税清算鉴证服务机构入围招标,提取能力,协调能力,✗
2014,367,安宁中学,安宁中学校园广播系统设备询价采购项目,协调能力,协调能力,✓
2014,368,安宁市公安局,安宁市公安局2014年电动自行车询价采购项目,合规能力,合规能力,✓
2014,369,安宁市城市管理综合行政执法大队,安宁市城市管理综合行政执法大队执法人员制式服装询价采购项目,合规能力,合规能力,✓
2014,370,九龙坡区职业教育中心(中梁山矿务学校),办公桌椅文件柜,协调能力,协调能力,✓
2014,371,九龙坡区石板镇小学,重庆市购销合同,协调能力,协调能力,✓
2014,372,九龙坡区职业教育中心(中梁山矿务学校),线切割,协调能力,协调能力,✓
2014,373,九龙坡区职业教育中心(中梁山矿务学校),数控车床维修平台补充,协调能力,协调能力,✓
2014,374,九龙坡区职业教育中心(中梁山矿务学校),多媒体设备,协调能力,协调能力,✓
2014,375,九龙坡区石板镇小学,重庆市政府采购货物购销合同,协调能力,协调能力,✓
2014,376,九龙坡区职业教育中心(中梁山矿务学校),男生寝室家具,协调能力,协调能力,✓
2014,377,重庆市一一一中学校,重庆市111中学校弱电及监控系统设备合同,协调能力,协调能力,✓
2014,378,九龙坡区实验幼儿园,九龙坡区实验幼儿园采购玩具合同,协调能力,协调能力,✓
2014,379,九龙坡区职业教育中心(中梁山矿务学校),干燥机、储气罐、空压机,协调能力,协调能力,✓
2014,380,九龙坡区职业教育中心(中梁山矿务学校),图书,协调能力,协调能力,✓
2014,381,九龙坡区职业教育中心(中梁山矿务学校),多媒体设备补充,协调能力,协调能力,✓
2014,382,九龙坡区实验幼儿园,九龙坡区实验幼儿园采购空调合同,协调能力,协调能力,✓
2014,383,九龙坡区石板镇小学,重庆市购销合同,协调能力,协调能力,✓
2014,384,九龙坡区实验幼儿园,九龙坡区实验幼儿园采购传真机合同,协调能力,协调能力,✓
2014,385,九龙坡区职业教育中心(中梁山矿务学校),汽车配件设备,协调能力,协调能力,✓
2014,386,九龙坡区职业教育中心(中梁山矿务学校),监控设备（补充）,协调能力,协调能力,✓
2014,387,九龙坡区职业教育中心(中梁山矿务学校),空调,协调能力,协调能力,✓
2014,388,九龙坡区石板镇小学,维修工程合同,协调能力,协调能力,✓
2014,389,九龙坡区职业教育中心(中梁山矿务学校),录播系统、摄像设备,协调能力,协调能力,✓
2014,390,九龙坡区石板镇小学,重庆市购销合同,协调能力,协调能力,✓
2014,391,九龙坡区石板镇小学,重庆市购销合同,协调能力,协调能力,✓
2014,392,九龙坡区石板镇小学,重庆市政府采购货物购销合同,协调能力,协调能力,✓
2014,393,九龙坡区职业教育中心(中梁山矿务学校),LED设备,协调能力,协调能力,✓
2014,394,九龙坡区石板镇小学,重庆市政府采购合同,协调能力,协调能力,✓
2014,395,九龙坡区实验幼儿园,九龙坡区实验幼儿园风雨棚加盖、沙驰整改合同,协调能力,协调能力,✓
2014,396,九龙坡区实验幼儿园,九龙坡区实验幼儿园暑期维修工程合同,协调能力,协调能力,✓
2014,397,九龙坡区石板镇小学,重庆市购销合同,协调能力,协调能力,✓
2014,398,九龙坡区石板镇小学,重庆市购销合同,协调能力,协调能力,✓
2014,399,九龙坡区实验幼儿园,九龙坡区实验幼儿园采购图书合同,协调能力,协调能力,✓
2014,400,九龙坡区实验幼儿园,九龙坡区实验幼儿园采购户外体育器械柜子合同,协调能力,协调能力,✓
2014,401,九龙坡区石板镇小学,重庆市政府采购货物购销合同,协调能力,协调能力,✓
2014,402,九龙坡区实验幼儿园,九龙坡区实验幼儿园采购笔记本电脑合同,协调能力,协调能力,✓
2014,403,九龙坡区实验幼儿园,九龙坡区实验幼儿园采购户外体育玩具合同,协调能力,协调能力,✓
2014,404,九龙坡区职业教育中心(中梁山矿务学校),软件平台,协调能力,协调能力,✓
2014,405,九龙坡区职业教育中心(中梁山矿务学校),文件柜,协调能力,协调能力,✓
2014,406,九龙坡区石板镇小学,重庆市九龙坡区图书采购合同,协调能力,协调能力,✓
2014,407,九龙坡区实验幼儿园,九龙坡区实验幼儿园采购相机、镜头、闪光灯合同,协调能力,协调能力,✓
2014,408,九龙坡区职业教育中心(中梁山矿务学校),联想激光打印机,协调能力,协调能力,✓
2014,409,九龙坡区石板镇小学,重庆市政府采购购销合同,协调能力,协调能力,✓
2014,410,九龙坡区职业教育中心(中梁山矿务学校),电子与信息技术竞赛设备,协调能力,协调能力,✓
2014,411,区科学技术协会,科普设备购销合同（观音桥村）,协调能力,协调能力,✓
2014,412,九龙坡区石板镇小学,重庆市购销合同,协调能力,协调能力,✓
2014,413,九龙坡区石板镇小学,重庆市九龙坡区图书采购合同,协调能力,协调能力,✓
2014,414,九龙坡区实验幼儿园,九龙坡区实验幼儿园采购蒸饭车合同,协调能力,协调能力,✓
2014,415,九龙坡区石板镇小学,重庆市政府采购合同,协调能力,协调能力,✓
2014,416,九龙坡区职业教育中心(中梁山矿务学校),格力3P冷暖柜机（补充）,协调能力,协调能力,✓
2014,417,九龙坡区职业教育中心(中梁山矿务学校),监控设备,协调能力,协调能力,✓
2014,418,九龙坡区石板镇小学,重庆市政府采购合同,协调能力,协调能力,✓
2014,419,九龙坡区石板镇小学,维修工程合同,协调能力,协调能力,✓
2014,420,九龙坡区实验幼儿园,九龙坡区实验幼儿园采购床上用品合同,协调能力,协调能力,✓
2014,421,九龙坡区含谷镇小学,含谷小学图书采购合同,协调能力,协调能力,✓
2014,422,九龙坡区含谷镇小学,重庆市政府采购购销合同,协调能力,协调能力,✓
2014,423,九龙坡区发展和改革委员会,西彭聚居区污水管网工程可研评估,协调能力,协调能力,✓
2014,424,九龙坡区发展和改革委员会,西彭铝产业区观江路道路工程可研评估,协调能力,协调能力,✓
2014,425,区科学技术协会,办公桌,协调能力,协调能力,✓
2014,426,九龙坡区田坝小学,Led灯,协调能力,协调能力,✓
2014,427,九龙坡区职业教育中心(中梁山矿务学校),汽车设备,协调能力,协调能力,✓
2014,428,区科学技术协会,科普设备购销合同（劳动三村）,协调能力,协调能力,✓
2014,429,九龙坡区职业教育中心(中梁山矿务学校),钳工平台,协调能力,协调能力,✓
2014,430,九龙坡区田坝小学,办公桌椅,协调能力,协调能力,✓
2014,431,九龙坡区田坝小学,科技教学设备,协调能力,协调能力,✓
2014,432,九龙坡区含谷镇小学,含谷小学音乐器材采购合同,协调能力,协调能力,✓
2014,433,区科学技术协会,老科协食品安全科普活动,协调能力,协调能力,✓
2014,434,区科学技术协会,电脑一台,协调能力,协调能力,✓
2014,435,九龙坡区含谷镇小学,含谷小学办公设备采购合同,协调能力,协调能力,✓
2014,436,九龙坡区田坝小学,摄像头,协调能力,协调能力,✓
2014,437,九龙坡区含谷镇小学,含谷小学空调采购合同,协调能力,协调能力,✓
2014,438,九龙坡区含谷镇小学,含谷小学幼儿园维修合同,协调能力,协调能力,✓
2014,439,九龙坡区职业教育中心(中梁山矿务学校),设备,协调能力,协调能力,✓
2014,440,九龙坡区含谷镇小学,含谷小学课桌采购合同,协调能力,协调能力,✓
2014,441,九龙坡区田坝小学,卫生器材,协调能力,协调能力,✓
2014,442,九龙坡区田坝小学,投影仪,协调能力,协调能力,✓
2014,443,九龙坡区含谷镇小学,含谷小学科学实验室装修合同,协调能力,协调能力,✓
2014,444,区科学技术协会,理科学会购买服务合同,协调能力,协调能力,✓
2014,445,区科学技术协会,老科协防震减灾科普活动,协调能力,协调能力,✓
2014,446,九龙坡区田坝小学,楼顶防水,协调能力,协调能力,✓
2014,447,区科学技术协会,渝中花园青少年科学工作室科普设备,协调能力,协调能力,✓
2014,448,九龙坡区田坝小学,劳技器材,协调能力,协调能力,✓
2014,449,九龙坡区职业教育中心(中梁山矿务学校),三维打印机（增补）,协调能力,协调能力,✓
2014,450,九龙坡区田坝小学,电子白板,协调能力,协调能力,✓
2014,451,区科学技术协会,科普设备购销合同（九龙花园）,协调能力,协调能力,✓
2014,452,九龙坡区田坝小学,理光复印机,协调能力,协调能力,✓
2014,453,九龙坡区田坝小学,空调,协调能力,协调能力,✓
2014,454,九龙坡区白市驿镇二小,购销合同,协调能力,协调能力,✓
2014,455,九龙坡区白市驿镇二小,购销合同,协调能力,协调能力,✓
2014,456,九龙坡区和平小学,多媒体,协调能力,协调能力,✓
2014,457,九龙坡区和平小学,课桌椅,协调能力,协调能力,✓
2014,458,九龙坡区白市驿镇二小,施工合同,协调能力,协调能力,✓
2014,459,九龙坡区白市驿镇二小,购销合同,协调能力,协调能力,✓
2014,460,九龙坡区白市驿镇二小,购销合同,协调能力,协调能力,✓
2014,461,九龙坡区白市驿镇二小,购销合同,协调能力,协调能力,✓
2014,462,九龙坡区白市驿镇二小,购销合同,协调能力,协调能力,✓
2014,463,共青团山丹县委,共青团山丹县委办公用品,协调能力,协调能力,✓
2014,464,九龙坡区和平小学,广播系统,协调能力,协调能力,✓
2014,465,九龙坡区白市驿镇二小,购销合同,协调能力,协调能力,✓
2014,466,九龙坡区白市驿镇二小,施工合同,协调能力,协调能力,✓
2014,467,九龙坡区白市驿镇二小,购销合同,协调能力,协调能力,✓
2014,468,九龙坡区白市驿镇二小,购销合同,协调能力,协调能力,✓
2014,469,九龙坡区白市驿镇二小,购销合同,协调能力,协调能力,✓
2014,470,九龙坡区和平小学,办公家具,协调能力,协调能力,✓
2014,471,九龙坡区和平小学,图书,协调能力,协调能力,✓
2014,472,九龙坡区和平小学,机房布线装修,协调能力,协调能力,✓
2014,473,九龙坡区和平小学,办公电脑,协调能力,协调能力,✓
2014,474,九龙坡区和平小学,数学科学仪器,协调能力,协调能力,✓
2014,475,九龙坡区和平小学,图书,协调能力,协调能力,✓
2014,476,九龙坡区白市驿镇二小,购销合同,协调能力,协调能力,✓
2014,477,九龙坡区和平小学,科技卫生器材,协调能力,协调能力,✓
2014,478,区驿都实验学校(区白市驿镇一小),书籍购销合同,协调能力,协调能力,✓
2014,479,九龙坡区和平小学,音体美器材,协调能力,协调能力,✓
2014,480,九龙坡区白市驿镇二小,购销合同,协调能力,协调能力,✓
2014,481,九龙坡区和平小学,劳技器材,协调能力,协调能力,✓
2014,482,区驿都实验学校(区白市驿镇一小),重庆市政府采购货物购销合同,协调能力,协调能力,✓
2014,483,区驿都实验学校(区白市驿镇一小),重庆市政府采购货物购销合同,协调能力,协调能力,✓
2014,484,九龙坡区白市驿镇二小,施工合同,协调能力,协调能力,✓
2014,485,重庆市一一一中学校,重庆市一一一中学校窗帘采购合同,协调能力,协调能力,✓
2014,486,九龙坡区含谷镇小学,含谷小学体育器材采购合同,协调能力,协调能力,✓
2014,487,重庆市一一一中学校,重庆市一一一中学校电梯购销合同,协调能力,协调能力,✓
2014,488,重庆市一一一中学校,重庆市一一一中学多媒体、班班通、触屏电视购销合同,协调能力,协调能力,✓
2014,489,重庆市一一一中学校,重庆市一一一中学空调购销合同,协调能力,协调能力,✓
2014,490,重庆市一一一中学校,重庆市一一一中学教学及办公家具购销合同,协调能力,协调能力,✓
2014,491,九龙坡区新凤小学校,功能室设备一批,协调能力,协调能力,✓
2014,492,九龙坡区新凤小学校,办公桌椅,协调能力,协调能力,✓
2014,493,中共重庆市九龙坡区委老干部局,相机,协调能力,协调能力,✓
2014,494,中共重庆市九龙坡区委老干部局,电脑,协调能力,协调能力,✓
2014,495,中共重庆市九龙坡区委老干部局,投影仪,协调能力,协调能力,✓
2014,496,中共重庆市九龙坡区委老干部局,LED照明设备,协调能力,协调能力,✓
2014,497,中共重庆市九龙坡区委老干部局,碎纸机,协调能力,协调能力,✓
2014,498,中共重庆市九龙坡区委老干部局,助听器,协调能力,协调能力,✓
2014,499,九龙坡区新凤小学校,体育器材,协调能力,协调能力,✓
2014,500,重庆市人和中学（重庆电机厂子弟学校）,课桌凳采购,协调能力,协调能力,✓
2014,501,重庆市人和中学（重庆电机厂子弟学校）,管弦乐器材采购,协调能力,协调能力,✓
2014,502,重庆市人和中学（重庆电机厂子弟学校）,管弦乐器材,协调能力,协调能力,✓
2014,503,高新技术产业开发区巴山小学校,学校LED灯采购,协调能力,协调能力,✓
2014,504,重庆市人和中学（重庆电机厂子弟学校）,电脑采购,协调能力,协调能力,✓
2014,505,重庆市人和中学（重庆电机厂子弟学校）,管弦乐器材采购,协调能力,协调能力,✓
2014,506,高新技术产业开发区巴山小学校,多功能室采购椅子,协调能力,协调能力,✓
2014,507,高新技术产业开发区巴山小学校,电子教室网络布线,协调能力,协调能力,✓
2014,508,高新技术产业开发区巴山小学校,台式电脑和笔记本采购,协调能力,协调能力,✓
2014,509,重庆市人和中学（重庆电机厂子弟学校）,管弦乐器材采购,协调能力,协调能力,✓
2014,510,高新技术产业开发区巴山小学校,图书及书架采购,协调能力,协调能力,✓
2014,511,高新技术产业开发区巴山小学校,科技、劳技室设备采购,协调能力,协调能力,✓
2014,512,重庆市人和中学（重庆电机厂子弟学校）,人和中学改扩建电梯合同,协调能力,协调能力,✓
2014,513,重庆市渝西中学,钢制学生上下床,协调能力,协调能力,✓
2014,514,重庆市渝西中学,重庆市政府采购购销合同,协调能力,协调能力,✓
2014,515,重庆市渝西中学,重庆市政府采购购销安装合同,协调能力,协调能力,✓
2014,516,重庆市人和中学（重庆电机厂子弟学校）,喷墨打印机采购,协调能力,协调能力,✓
2014,517,区驿都实验学校(区白市驿镇一小),货物购销合同,协调能力,协调能力,✓
2014,518,重庆市渝西中学,重庆市政府采购购销与安装合同,协调能力,协调能力,✓
2014,519,重庆市渝西中学,重庆市政府采购购销与安装合同,协调能力,协调能力,✓
2014,520,重庆市渝西中学,重庆市政府采购购销与安装合同,协调能力,协调能力,✓
2014,521,九龙坡区新凤小学校,办公室空调,协调能力,协调能力,✓
2014,522,区驿都实验学校(区白市驿镇一小),重庆市政府采购货物购销合同,协调能力,协调能力,✓
2014,523,九龙坡区共和小学,合同,协调能力,协调能力,✓
2014,524,九龙坡区共和小学,合同,协调能力,协调能力,✓
2014,525,九龙坡区共和小学,合同,协调能力,协调能力,✓
2014,526,九龙坡区共和小学,合同,协调能力,协调能力,✓
2014,527,九龙坡区共和小学,合同,协调能力,协调能力,✓
2014,528,安宁市实验学校,安宁市实验学校和平校区多媒体办公设备采购项目,协调能力,协调能力,✓
2014,529,区驿都实验学校(区白市驿镇一小),重庆市政府采购货物购销合同,协调能力,协调能力,✓
2014,530,区驿都实验学校(区白市驿镇一小),重庆市政府采购货物购销合同,协调能力,协调能力,✓
2014,531,安宁市实验学校,安宁市实验学校和平校区课桌椅、高台床及办公柜具,协调能力,协调能力,✓
2014,532,九龙坡区共和小学,合同,协调能力,协调能力,✓
2014,533,安宁市实验学校,安宁市实验学校和平校区高中探究实验仪器采购项目,协调能力,协调能力,✓
2014,534,九龙坡区共和小学,合同,协调能力,协调能力,✓
2014,535,安宁市实验学校,安宁市实验学校和平校区音体美器材用品采购项目,协调能力,协调能力,✓
2014,536,安宁市实验学校,安宁市实验学校和平校区高中通用技术仪器采购项目,协调能力,协调能力,✓
2014,537,区驿都实验学校(区白市驿镇一小),重庆市政府采购货物购销合同,协调能力,协调能力,✓
2014,538,九龙坡区共和小学,合同,协调能力,协调能力,✓
2014,539,九龙坡区共和小学,合同,协调能力,协调能力,✓
2014,540,九龙坡区共和小学,合同,协调能力,协调能力,✓
2014,541,九龙坡区共和小学,合同,协调能力,协调能力,✓
2014,542,安宁市农产品质量安全监督管理站,安宁市农产品质量安全监督管理站办公用品电子产品采购项目,合规能力,合规能力,✓
2014,543,九龙坡区共和小学,合同,协调能力,协调能力,✓
2014,544,九龙坡区共和小学,合同,协调能力,协调能力,✓
2014,545,重庆解放碑中央商务区管理委员会,采购相机,协调能力,协调能力,✓
2014,546,高台县人民法院,高台县人民法院办公用品购置,合规能力,合规能力,✓
2014,547,重庆市渝西中学,重庆市九龙坡区渝西中学校多功能室及室外背景音乐音响设备及安装项目合同,协调能力,协调能力,✓
2014,548,国家外汇管理局,技术服务合同,提取能力,提取能力,✓
2014,549,重庆市巴南区图书馆,设备采购,协调能力,协调能力,✓
2014,550,重庆市巴南区图书馆,设备采购,协调能力,协调能力,✓
2014,551,鱼洞南区学校,购销合同,协调能力,协调能力,✓
2014,552,鱼洞南区学校,重庆市政府采购货物购销合同,协调能力,协调能力,✓
2014,553,鱼洞南区学校,办公家具采购合同,协调能力,协调能力,✓
2014,554,九龙坡区天宝实验学校,科技功能室活动器材（械）设施设备,协调能力,协调能力,✓
2014,555,九龙坡区天宝实验学校,美术功能室活动器材（械）设施设备,协调能力,协调能力,✓
2014,556,九龙坡区天宝实验学校,音乐功能室活动器材（械）设施设备,协调能力,协调能力,✓
2014,557,九龙坡区天宝实验学校,教学仪器设备项目,协调能力,协调能力,✓
2014,558,九龙坡区天宝实验学校,卫生功能室活动器材（械）设施设备,协调能力,协调能力,✓
2014,559,九龙坡区天宝实验学校,体育功能室活动器材（械）设施设备,协调能力,协调能力,✓
2014,560,九龙坡区天宝实验学校,劳技功能室活动器材（械）设施设备,协调能力,协调能力,✓
2014,561,九龙坡区天宝实验学校,管乐团乐器采购,协调能力,协调能力,✓
2014,562,九龙坡区天宝实验学校,管乐团乐器采购,协调能力,协调能力,✓
2014,563,九龙坡区天宝实验学校,管乐团乐器采购,协调能力,协调能力,✓
2014,564,鱼洞街道,重庆市政府采购货物购销合同,协调能力,协调能力,✓
2014,565,双河中心小学,巴南区双河口镇中心小学校厕所维修工程合同,协调能力,协调能力,✓
2014,566,双河中心小学,重庆市巴南区双河口镇中心小学校校门工程施工合同,协调能力,协调能力,✓
2014,567,重庆市巴南区界石镇人民政府,重庆市政府采购购销合同,协调能力,协调能力,✓
2014,568,惠民中心小学,投影仪,协调能力,协调能力,✓
2014,569,重庆市巴南区界石镇人民政府,重庆市政府采购货物购销合同,协调能力,协调能力,✓
2014,570,惠民东永小学,采购激光打印机,协调能力,协调能力,✓
2014,571,城市管理局,李家沱片区D线-龙洲湾片区雨污分流工程泵站项目合同,协调能力,协调能力,✓
2014,572,城市管理局,重庆市政府采购货物销售合同,协调能力,协调能力,✓
2014,573,李家沱小学,李家沱小学佳能数码相机采购,协调能力,协调能力,✓
2014,574,鱼洞街道,购销合同,协调能力,协调能力,✓
2014,575,巴南区固体废弃物运输有限公司,重庆市政府采购货物购销合同,协调能力,协调能力,✓
2014,576,木洞镇,重庆市政府采购货物购销合同,协调能力,协调能力,✓
2014,577,木洞镇,重庆市政府采购货物购销合同,协调能力,协调能力,✓
2014,578,教委,教学辅导资料采购协议,协调能力,协调能力,✓
2014,579,一品初中,施工合同书,协调能力,协调能力,✓
2014,580,木洞镇,重庆市政府采购货物购销合同,协调能力,协调能力,✓
2014,581,木洞镇,重庆市政府采购货物购销合同,协调能力,协调能力,✓
2014,582,木洞镇,重庆市政府采购货物购销合同,协调能力,协调能力,✓
2014,583,木洞镇,重庆市政府采购货物购销合同,协调能力,协调能力,✓
2014,584,木洞镇,重庆市政府采购货物购销合同,协调能力,协调能力,✓
2014,585,木洞镇,重庆市政府采购货物购销合同,协调能力,协调能力,✓
2014,586,木洞镇,重庆市政府采购货物购销合同,协调能力,协调能力,✓
2014,587,木洞镇,重庆市政府采购货物购销合同,协调能力,协调能力,✓
2014,588,木洞镇,重庆市政府采购货物购销合同,协调能力,协调能力,✓
2014,589,木洞镇,重庆市政府采购货物购销合同,协调能力,协调能力,✓
2014,590,木洞镇,重庆市政府采购货物购销合同,协调能力,协调能力,✓
2014,591,木洞镇,重庆市政府采购货物购销合同,协调能力,协调能力,✓
2014,592,木洞镇,重庆市政府采购货物购销合同,协调能力,协调能力,✓
2014,593,木洞镇,重庆市政府采购货物购销合同,协调能力,协调能力,✓
2014,594,木洞镇,重庆市政府采购货物购销合同,协调能力,协调能力,✓
2014,595,重庆市巴南职业教育中心,重庆市巴南职业教育中心学生床上用品,协调能力,协调能力,✓
2014,596,重庆市巴南职业教育中心,重庆市巴南职业教育中心空调1台,协调能力,协调能力,✓
2014,597,重庆市巴南职业教育中心,巴南职业教育中心电视机,协调能力,协调能力,✓
2014,598,重庆市巴南职业教育中心,重庆市巴南职业教育中心电脑60台,协调能力,协调能力,✓
2014,599,重庆市巴南职业教育中心,重庆市巴南职业教育中心格力空调11台,协调能力,协调能力,✓
2014,600,丰盛中心小学,丰盛小学空调采购合同,协调能力,协调能力,✓
2014,601,区文物管理所,重庆市政府采购货物购销合同（协议号：F64E2B3C03）,协调能力,协调能力,✓
2014,602,重庆市巴南区东温泉镇中心学校,塑草产品购销合同,协调能力,协调能力,✓
2014,603,重庆市巴南区南泉街道社区卫生服务中心,全自动呼吸机,协调能力,协调能力,✓
2014,604,重庆市巴南区中医院,肺功能仪,协调能力,协调能力,✓
2014,605,重庆市巴南区麻柳嘴镇卫生院,购销合同,协调能力,协调能力,✓
2014,606,重庆市巴南区麻柳嘴镇卫生院,销售合同,协调能力,协调能力,✓
2014,607,国资办,采购打印机和台式电脑、笔记本电脑,协调能力,协调能力,✓
2014,608,国资办,采购台式电脑和打印机,协调能力,协调能力,✓
2014,609,国资办,采购台式电脑,协调能力,协调能力,✓
2014,610,国资办,采购路由器,协调能力,协调能力,✓
2014,611,国资办,采购打印机壹台和台式机电脑两套,协调能力,协调能力,✓
2014,612,国资办,采购打印机和台式电脑,协调能力,协调能力,✓
2014,613,国资办,采购笔记本电脑壹台,协调能力,协调能力,✓
2014,614,国资办,采购台式电脑,协调能力,协调能力,✓
2014,615,国资办,采购服务器,协调能力,协调能力,✓
2014,616,中共山丹县委山丹县人民政府信访局,中共山丹县委山丹县人民政府信访局印刷合同,协调能力,协调能力,✓
2014,617,重庆市巴南区中医院,胰岛素输注泵,协调能力,协调能力,✓
2014,618,重庆市巴南区中医院,3M快速生物阅读仪,协调能力,协调能力,✓
2014,619,重庆市巴南区中医院,二氧化碳细胞培养箱,协调能力,协调能力,✓
2014,620,重庆市巴南区中医院,CJ-I亚低温治疗仪（电子冰帽）,协调能力,协调能力,✓
2014,621,重庆市巴南区跳石镇卫生院,重庆市政府采购货物购销合同,协调能力,协调能力,✓
2014,622,重庆市巴南区中医院,德国WOLF输尿管肾镜,协调能力,协调能力,✓
2014,623,重庆市巴南区中医院,振动排痰机,协调能力,协调能力,✓
2014,624,重庆市巴南区中医院,CT保养维修协议,协调能力,协调能力,✓
2014,625,重庆市巴南区中医院,十二导联心电分析系统（CV200）,协调能力,协调能力,✓
2014,626,园林所,重庆市政府采购货物合同,协调能力,协调能力,✓
2014,627,中国民用航空华北地区空中交通管理局天津分局,民航天津空管分局程控交换机采购与安装项目合同书,协调能力,协调能力,✓
2014,628,中国民用航空华北地区空中交通管理局天津分局,中国民用航空华北地区空中交通管理局天津分局--华北空管局批复“新航管楼、塔台会议室设备”项目合同,协调能力,协调能力,✓
2014,629,青海省妇幼保健院,2016-03-00164,协调能力,协调能力,✓
2014,630,青海省妇幼保健院,2016-03-00162,协调能力,协调能力,✓
2014,631,青海省妇幼保健院,2016-03-00160,协调能力,协调能力,✓
2014,632,青海省妇幼保健院,2016-03-00161,协调能力,协调能力,✓
2014,633,水利部水利信息中心,国家地下水监测工程（水利部分）岩石监测井物探勘察合同书,提取能力,协调能力,✗
2014,634,中华人民共和国广州海事局,广州海事局综合监管系统工程项目技术开发合同,合规能力,合规能力,✓
2014,635,中华人民共和国河北海事局,河北海事局唐山船舶溢油应急设备库工程快布放围油栏采购合同,协调能力,合规能力,✗
2014,636,中华人民共和国,潜没式大型卸载泵采购合同,合规能力,协调能力,✗
2014,637,中华人民共和国河北海事局,河北海事局唐山船舶溢油应急设备库工程设备采购——起重机买卖合同,协调能力,合规能力,✗
2014,638,中华人民共和国河北海事局,河北海事局唐山船舶溢油应急设备库工程大型收油机采购合同,协调能力,合规能力,✗
2014,639,中华人民共和国河北海事局,河北海事局唐山船舶溢油应急设备库工程设备采购合同,协调能力,合规能力,✗
2014,640,中华人民共和国河北海事局,河北海事局唐山船舶溢油应急设备库工程设备采购合同——应急运输车,协调能力,合规能力,✗
2014,641,中华人民共和国河北海事局,河北海事局唐山船舶溢油应急设备库工程--中型收油机,协调能力,合规能力,✗
2014,642,中华人民共和国河北海事局,唐山船舶溢油应急设备库工程设备采购合同,协调能力,合规能力,✗
2014,643,中华人民共和国河北海事局,河北海事局唐山船舶溢油应急设备库工程设备采购合同——拖头车、拖车板,协调能力,合规能力,✗
2014,644,天津海事测绘中心,建设工程设计合同,协调能力,合规能力,✗
2014,645,青岛航标处,青岛航标处台式机批量采购,协调能力,协调能力,✓
2014,646,青岛航标处,中央单位批量集中采购简易合同,协调能力,协调能力,✓
2014,647,天津海事测绘中心,交通运输部北海航海保障中心天津海事测绘中心北方海区重点港口水文信息服务系统（一期工程)更正公告,协调能力,合规能力,✗
2014,648,水利部水利信息中心,国家地下水监测工程（水利部分）初步设计合同书,协调能力,协调能力,✓
2014,649,永川区三官殿小学,采购空调,协调能力,协调能力,✓
2014,650,交通运输部北海航海保障中心烟台航标处,莱州航标保养基地改造及装饰工程,协调能力,协调能力,✓
2014,651,中国民用航空华北地区空中交通管理局,民航华北空管生产运行中心工程工艺设备施工监理合同,协调能力,协调能力,✓
2014,652,国家能源局东北监管局,国家能源局东北监管局房屋租赁合同,协调能力,协调能力,✓
2014,653,重庆市北碚区住房和城乡建设委员会,《北碚区城市绿地系统规划》修编,协调能力,协调能力,✓
2014,654,重庆市北碚区信息中心,重庆市北碚区云政务系统功能测评服务项目,协调能力,协调能力,✓
2014,655,重庆市九龙坡区卫生健康综合行政执法支队,电脑设备采购,合规能力,合规能力,✓
2014,656,重庆市九龙坡区人民医院,多功能胃肠治疗仪,协调能力,协调能力,✓
2014,657,九龙坡区黄桷坪街道办事处,黄桷坪街道滩子口社区办公用房装修,协调能力,协调能力,✓
2014,658,重庆市九龙坡区卫生健康综合行政执法支队,公共场所创卫物资采购,合规能力,合规能力,✓
2014,659,九龙坡区医学会(区卫生培训中心),办公设备,协调能力,协调能力,✓
2014,660,重庆市工艺美术学校,教学用电脑,协调能力,协调能力,✓
2014,661,重庆市九龙坡区田坝小学校,教室防眩作业灯,协调能力,协调能力,✓
2014,662,区公共资源综合交易管理办公室,计算机及网络设备维护服务,协调能力,协调能力,✓
2014,663,重庆市人和中学,管弦乐器材,协调能力,协调能力,✓
2014,664,石柱县建设委员会机关,电梯四台和二次供水泵两台采购合同,协调能力,协调能力,✓
2014,665,涪陵区荔枝办事处,照相机采购合同,协调能力,协调能力,✓
2014,666,重庆市公安局大渡口区分局,大渡口区社会安全事件应急联动指挥系统建设项目采购合同,合规能力,合规能力,✓
2014,667,重庆市公安局大渡口区分局,电信运营商传输线路租用服务采购合同,合规能力,合规能力,✓
2014,668,重庆市巴南区国土资源管理分局,国土事务中心采购合同,提取能力,协调能力,✗
2014,669,双桥经开区人民医院,产床采购合同,协调能力,协调能力,✓
2014,670,重庆市大足区信访办公室,空调采购合同,协调能力,协调能力,✓
2014,671,重庆市大足区铁山镇人民政府,农业服务中心装修购物一批采购合同,协调能力,协调能力,✓
2014,672,包头市昆都仑区住房和城乡建设局,2014年昆区黄河社区黄河小区三、四区综合治理改造工程,协调能力,协调能力,✓
2014,673,包头市昆都仑区住房和城乡建设局,2014年昆区黄河社区黄河小区一、二区综合治理改造工程,协调能力,协调能力,✓
2014,674,包头市昆都仑区住房和城乡建设局,2014年钢铁大街以南老旧小区综合治理改造工程监理,协调能力,协调能力,✓
2014,675,汕头市潮阳第四中学,汕头市潮阳第四中学修缮工程定点议价采购合同,协调能力,协调能力,✓
2014,676,马鞍山市环境卫生管理处,马鞍山市生活垃圾焚烧发电BOT特许经营项目,协调能力,协调能力,✓
